date,SPX Buy & Hold,Equal-Weight (20%),60/40 SPX/BOND
2023-06-05,-0.00200559,0.00001298,-0.00132651
2023-06-06,0.00235113,0.00069210,0.00165730
2023-06-07,-0.00381929,-0.00171081,-0.00521968
2023-06-08,0.00616957,-0.00031536,0.00638323
2023-06-09,0.00114740,-0.00207323,-0.00075309
2023-06-12,0.00927797,-0.00665756,0.00622632
2023-06-13,0.00690857,0.00405429,0.00129255
2023-06-14,0.00081909,-0.00144451,0.00103043
2023-06-15,0.01210458,0.00928093,0.01035836
2023-06-16,-0.00367838,0.00138959,-0.00393753
2023-06-20,-0.00474635,-0.00320569,-0.00165212
2023-06-21,-0.00525909,0.00139476,-0.00278511
2023-06-22,0.00370393,-0.00957958,-0.00004636
2023-06-23,-0.00768829,0.00057948,-0.00296177
2023-06-26,-0.00449693,0.00072102,-0.00171071
2023-06-27,0.01139073,-0.00444946,0.00543483
2023-06-28,-0.00035414,0.00512923,0.00139247
2023-06-29,0.00446357,0.00086053,-0.00145025
2023-06-30,0.01219435,0.00522401,0.00818718
2023-07-03,0.00116999,-0.00070404,-0.00103681
2023-07-05,-0.00197026,0.00272513,-0.00310451
2023-07-06,-0.00795406,-0.00490806,-0.00805312
2023-07-07,-0.00286921,0.00330304,-0.00222865
2023-07-10,0.00240214,0.00023017,0.00350803
2023-07-11,0.00671958,0.00651044,0.00487224
2023-07-12,0.00738391,0.00623686,0.00831572
2023-07-13,0.00843448,0.00567550,0.00837297
2023-07-14,-0.00102493,-0.00621838,-0.00259909
2023-07-17,0.00384797,-0.00162899,0.00297135
2023-07-18,0.00709207,0.00817198,0.00471002
2023-07-19,0.00235513,0.00118345,0.00277446
2023-07-20,-0.00677983,-0.00175120,-0.00725174
2023-07-21,0.00032404,0.00293383,0.00052657
2023-07-24,0.00402604,0.00505205,0.00146045
2023-07-25,0.00281072,0.00240950,0.00093732
2023-07-26,-0.00015545,-0.00035344,0.00127886
2023-07-27,-0.00644539,-0.00262819,-0.00824976
2023-07-28,0.00982938,0.00576097,0.00719652
2023-07-31,0.00146764,0.00441124,0.00138232
2023-08-01,-0.00266865,-0.00344512,-0.00394527
2023-08-02,-0.01393620,-0.00753776,-0.00916299
2023-08-03,-0.00255123,0.00239070,-0.00449692
2023-08-04,-0.00531417,0.00255751,0.00104210
2023-08-07,0.00898362,0.00107916,0.00442101
2023-08-08,-0.00422721,0.00045775,-0.00051639
2023-08-09,-0.00706362,0.00068877,-0.00398654
2023-08-10,0.00025068,-0.00376080,-0.00292336
2023-08-11,-0.00107026,-0.00071840,-0.00276127
2023-08-14,0.00573400,-0.00027112,0.00280246
2023-08-15,-0.01161814,-0.00641968,-0.00773775
2023-08-16,-0.00758408,-0.00635983,-0.00608846
2023-08-17,-0.00774281,-0.00048091,-0.00515993
2023-08-18,-0.00014872,0.00298084,0.00110918
2023-08-21,0.00685563,-0.00011173,0.00162711
2023-08-22,-0.00278133,-0.00027436,-0.00149686
2023-08-23,0.01098433,0.00312181,0.01090851
2023-08-24,-0.01354935,-0.00176612,-0.00962071
2023-08-25,0.00669550,0.00418400,0.00388936
2023-08-28,0.00624508,0.00192123,0.00485547
2023-08-29,0.01440407,0.00763599,0.01148501
2023-08-30,0.00382585,0.00182153,0.00225314
2023-08-31,-0.00159821,0.00448570,-0.00015644
2023-09-01,0.00179751,0.00537101,-0.00137412
2023-09-05,-0.00420300,-0.00049469,-0.00495510
2023-09-06,-0.00699601,-0.00080902,-0.00522676
2023-09-07,-0.00321643,-0.00072271,-0.00055831
2023-09-08,0.00142561,0.00149602,0.00094096
2023-09-11,0.00670095,0.00058971,0.00333551
2023-09-12,-0.00571217,0.00180993,-0.00287050
2023-09-13,0.00124086,0.00010735,0.00121482
2023-09-14,0.00839459,0.00614001,0.00413817
2023-09-15,-0.01223415,-0.00146976,-0.00858474
2023-09-18,0.00072103,0.00156467,0.00081929
2023-09-19,-0.00215333,-0.00109245,-0.00275414
2023-09-20,-0.00943920,-0.00491931,-0.00596526
2023-09-21,-0.01653692,-0.00544697,-0.01290843
2023-09-22,-0.00229824,0.00198109,0.00018184
2023-09-25,0.00401499,-0.00155905,-0.00054437
2023-09-26,-0.01484417,-0.00281712,-0.00903728
2023-09-27,0.00022929,0.00253452,-0.00165421
2023-09-28,0.00587588,-0.00358894,0.00461898
2023-09-29,-0.00271326,-0.00417847,-0.00154049
2023-10-02,0.00007936,-0.00585202,-0.00321031
2023-10-03,-0.01383940,-0.00345276,-0.01162833
2023-10-04,0.00807705,-0.00891015,0.00737553
2023-10-05,-0.00130488,-0.00520107,-0.00003167
2023-10-06,0.01174564,0.00225960,0.00470055
2023-10-09,0.00628407,0.01522419,0.00884537
2023-10-10,0.00519448,-0.00125560,0.00232655
2023-10-11,0.00428382,0.00067744,0.00476115
2023-10-12,-0.00626602,-0.00277919,-0.00762357
2023-10-13,-0.00503150,0.01598105,-0.00046806
2023-10-16,0.01053864,-0.00245047,0.00394867
2023-10-17,-0.00009825,-0.00051089,-0.00400330
2023-10-18,-0.01349041,0.00259679,-0.00996927
2023-10-19,-0.00851903,0.00370362,-0.00708513
2023-10-20,-0.01266515,-0.00316893,-0.00526755
2023-10-23,-0.00168699,-0.00562199,0.00086116
2023-10-24,0.00723952,-0.00210813,0.00505498
2023-10-25,-0.01444343,0.00066279,-0.01219053
2023-10-26,-0.01190308,-0.00412295,-0.00410625
2023-10-27,-0.00481184,0.00518204,-0.00226495
2023-10-30,0.01193847,-0.00619774,0.00582865
2023-10-31,0.00645408,-0.00175206,0.00302500
2023-11-01,0.01045119,0.00309508,0.01085166
2023-11-02,0.01868294,0.00842453,0.01368068
2023-11-03,0.00934988,-0.00127471,0.00867749
2023-11-06,0.00175146,-0.00201173,-0.00126954
2023-11-07,0.00283609,-0.00693210,0.00397844
2023-11-08,0.00100441,-0.00559959,0.00221471
2023-11-09,-0.00811669,-0.00177315,-0.00884670
2023-11-10,0.01549576,0.00532764,0.00973639
2023-11-13,-0.00083619,0.00368938,-0.00072110
2023-11-14,0.01889537,0.00472802,0.01730587
2023-11-15,0.00159574,-0.00477215,-0.00216818
2023-11-16,0.00118972,-0.00532661,0.00370969
2023-11-17,0.00128123,0.00705697,0.00102822
2023-11-20,0.00736310,0.00514554,0.00497949
2023-11-21,-0.00202298,0.00284275,-0.00069616
2023-11-22,0.00405291,-0.00197866,0.00230237
2023-11-24,0.00059670,-0.00298757,-0.00171746
2023-11-27,-0.00195607,-0.00039138,0.00184954
2023-11-28,0.00097964,0.00671975,0.00234788
2023-11-29,-0.00094670,0.00486497,0.00152551
2023-11-30,0.00377693,-0.00629715,0.00030117
2023-12-01,0.00585656,0.00327587,0.00727025
2023-12-04,-0.00542319,-0.00763401,-0.00491616
2023-12-05,-0.00056903,-0.00133466,0.00246761
2023-12-06,-0.00391385,-0.00727114,-0.00069749
2023-12-07,0.00793661,0.00161190,0.00417020
2023-12-08,0.00408713,0.00190015,-0.00013645
2023-12-11,0.00391681,-0.00033482,0.00239262
2023-12-12,0.00458881,-0.00709330,0.00360384
2023-12-13,0.01355835,0.01175294,0.01403855
2023-12-14,0.00264357,0.00701887,0.00489738
2023-12-15,-0.00007625,-0.00074288,-0.00037908
2023-12-18,0.00451812,0.00412367,0.00183484
2023-12-19,0.00584927,0.00571979,0.00426062
2023-12-20,-0.01479315,-0.00384418,-0.00692140
2023-12-21,0.01024877,0.00252296,0.00552649
2023-12-22,0.00165868,-0.00003156,0.00062108
2023-12-26,0.00422276,0.00642264,0.00278323
2023-12-27,0.00142944,-0.00200138,0.00396234
2023-12-28,0.00037011,-0.00630420,-0.00130666
2023-12-29,-0.00283048,-0.00259168,-0.00269295
2024-01-02,-0.00567666,-0.00332241,-0.00490271
2024-01-03,-0.00804862,0.00507901,-0.00387225
2024-01-04,-0.00343427,-0.00352156,-0.00447807
2024-01-05,0.00182402,0.00393896,-0.00037149
2024-01-08,0.01401595,-0.00622994,0.00975007
2024-01-09,-0.00147899,0.00330112,-0.00105472
2024-01-10,0.00564998,-0.00248533,0.00276201
2024-01-11,-0.00067128,0.00472029,0.00172849
2024-01-12,0.00075069,0.00395012,0.00153266
2024-01-16,-0.00373832,-0.00481803,-0.00549852
2024-01-17,-0.00563273,-0.00180658,-0.00468086
2024-01-18,0.00876672,0.00643775,0.00437606
2024-01-19,0.01223831,0.00208072,0.00738510
2024-01-22,0.00219192,0.00287611,0.00253530
2024-01-23,0.00291712,0.00127550,0.00074083
2024-01-24,0.00081160,-0.00012921,-0.00065157
2024-01-25,0.00524658,0.00801745,0.00487557
2024-01-26,-0.00065200,0.00176749,-0.00110658
2024-01-29,0.00752837,0.00121571,0.00691082
2024-01-30,-0.00060083,0.00238231,0.00018352
2024-01-31,-0.01623685,-0.00648676,-0.00641087
2024-02-01,0.01241629,-0.00050749,0.00991956
2024-02-02,0.01062777,-0.00516524,0.00113704
2024-02-05,-0.00319142,-0.00065412,-0.00582674
2024-02-06,0.00230775,0.00384789,0.00353461
2024-02-07,0.00820768,0.00278171,0.00420931
2024-02-08,0.00057042,0.00545447,-0.00096554
2024-02-09,0.00572592,0.00028508,0.00271648
2024-02-12,-0.00094940,0.00091580,-0.00018884
2024-02-13,-0.01376861,-0.00468572,-0.01268391
2024-02-14,0.00953417,-0.00087122,0.00721450
2024-02-15,0.00580437,0.00584595,0.00458868
2024-02-16,-0.00481504,0.00052552,-0.00463475
2024-02-20,-0.00602343,-0.00265496,-0.00293185
2024-02-21,0.00126340,0.00155186,-0.00052207
2024-02-22,0.02090289,0.00537722,0.01258452
2024-02-23,0.00034789,-0.00236213,0.00204191
2024-02-26,-0.00379394,0.00054533,-0.00287221
2024-02-27,0.00170490,0.00271490,0.00012739
2024-02-28,-0.00165953,0.00027284,0.00045317
2024-02-29,0.00521547,0.00219427,0.00393671
2024-03-01,0.00797594,0.01021186,0.00660753
2024-03-04,-0.00119397,-0.00002597,-0.00160722
2024-03-05,-0.01024541,-0.00135408,-0.00369172
2024-03-06,0.00512793,0.00484035,0.00404645
2024-03-07,0.01025140,0.00221852,0.00682397
2024-03-08,-0.00654992,-0.00176546,-0.00363587
2024-03-11,-0.00112287,0.00081333,-0.00117813
2024-03-12,0.01113951,-0.00138512,0.00504016
2024-03-13,-0.00192638,0.00504073,-0.00204355
2024-03-14,-0.00287522,0.00137471,-0.00469883
2024-03-15,-0.00650402,-0.00198897,-0.00458527
2024-03-18,0.00629818,0.00605043,0.00330872
2024-03-19,0.00563325,0.00312255,0.00453300
2024-03-20,0.00886477,0.00065075,0.00625585
2024-03-21,0.00323131,0.00069678,0.00198122
2024-03-22,-0.00140317,-0.00021807,0.00110992
2024-03-25,-0.00305964,0.00179845,-0.00289536
2024-03-26,-0.00280372,-0.00068911,-0.00108851
2024-03-27,0.00859360,0.00463290,0.00667886
2024-03-28,0.00111586,0.00628486,0.00028939
2024-04-01,-0.00201561,0.00295796,-0.00484518
2024-04-02,-0.00726539,0.00356262,-0.00521543
2024-04-03,0.00109053,0.00241977,0.00112557
2024-04-04,-0.01241104,-0.00045365,-0.00607929
2024-04-05,0.01103805,0.00480231,0.00396922
2024-04-08,-0.00037470,-0.00005316,-0.00112785
2024-04-09,0.00144445,-0.00046185,0.00245614
2024-04-10,-0.00950198,-0.00206497,-0.01105296
2024-04-11,0.00741722,0.00387008,0.00388506
2024-04-12,-0.01465759,-0.00321974,-0.00714458
2024-04-15,-0.01209420,0.00064864,-0.00982117
2024-04-16,-0.00205862,-0.00146273,-0.00280841
2024-04-17,-0.00579738,-0.00803739,-0.00094694
2024-04-18,-0.00221060,-0.00037166,-0.00272106
2024-04-19,-0.00879713,-0.00069472,-0.00475479
2024-04-22,0.00869335,-0.00335048,0.00525971
2024-04-23,0.01189357,0.00433943,0.00765900
2024-04-24,0.00021299,-0.00158401,-0.00109321
2024-04-25,-0.00458693,0.00108817,-0.00428377
2024-04-26,0.01015738,0.00400371,0.00718897
2024-04-29,0.00317341,-0.00181533,0.00351848
2024-04-30,-0.01585555,-0.00972876,-0.01139014
2024-05-01,-0.00344135,-0.00465205,-0.00048386
2024-05-02,0.00908702,0.00061082,0.00732715
2024-05-03,0.01247856,0.00076630,0.00969965
2024-05-06,0.01027317,0.00593556,0.00650983
2024-05-07,0.00134253,-0.00000198,0.00184152
2024-05-08,-0.00000584,0.00073587,-0.00112600
2024-05-09,0.00507803,0.00512989,0.00425554
2024-05-10,0.00164804,-0.00163787,-0.00030638
2024-05-13,-0.00024133,0.00005916,0.00033051
2024-05-14,0.00482615,0.00038309,0.00406031
2024-05-15,0.01164783,0.00689678,0.00999199
2024-05-16,-0.00208384,-0.00011836,-0.00202041
2024-05-17,0.00116410,0.00476313,-0.00054551
2024-05-20,0.00091597,0.00034081,-0.00005220
2024-05-21,0.00249875,-0.00077003,0.00253050
2024-05-22,-0.00270979,-0.00729685,-0.00214124
2024-05-23,-0.00740816,-0.00692843,-0.00586544
2024-05-24,0.00697665,0.00361544,0.00470322
2024-05-28,0.00024877,0.00677850,-0.00209650
2024-05-29,-0.00739432,-0.00603717,-0.00639022
2024-05-30,-0.00599296,-0.00318263,-0.00159884
2024-05-31,0.00799582,-0.00067668,0.00665521
2024-06-03,0.00111546,-0.00590133,0.00328062
2024-06-04,0.00150168,-0.00241198,0.00308543
2024-06-05,0.01177802,0.00795407,0.00851669
2024-06-06,-0.00019984,0.00484305,-0.00029014
2024-06-07,-0.00111584,-0.00859006,-0.00490732
2024-06-10,0.00257753,0.00896984,0.00068481
2024-06-11,0.00270671,0.00257535,0.00373166
2024-06-12,0.00846772,0.00367616,0.00730516
2024-06-13,0.00234191,0.00028083,0.00404150
2024-06-14,-0.00039394,0.00475682,0.00069494
2024-06-17,0.00763516,0.00351560,0.00271635
2024-06-18,0.00251815,0.00435308,0.00324883
2024-06-20,-0.00252913,0.00416833,-0.00253391
2024-06-21,-0.00156335,-0.00483483,-0.00085318
2024-06-24,-0.00306988,0.00230937,-0.00150296
2024-06-25,0.00392587,-0.00185116,0.00269441
2024-06-26,0.00157120,-0.00216825,-0.00147703
2024-06-27,0.00090691,0.00555774,0.00143734
2024-06-28,-0.00409201,-0.00269235,-0.00458521
2024-07-01,0.00267199,0.00447000,-0.00138550
2024-07-02,0.00617621,0.00064760,0.00521344
2024-07-03,0.00507156,0.00415265,0.00570027
2024-07-05,0.00543397,0.00428079,0.00547553
2024-07-08,0.00101618,-0.00408422,0.00073717
2024-07-09,0.00074080,-0.00113598,-0.00010803
2024-07-10,0.01015631,0.00451834,0.00647639
2024-07-11,-0.00880165,0.00312637,-0.00273992
2024-07-12,0.00550186,-0.00101162,0.00414440
2024-07-15,0.00282222,0.00059995,0.00042759
2024-07-16,0.00636905,0.00344162,0.00559250
2024-07-17,-0.01402544,-0.00056644,-0.00807886
2024-07-18,-0.00784711,-0.00430557,-0.00584494
2024-07-19,-0.00716588,-0.00994412,-0.00556624
2024-07-22,0.01073422,0.00090397,0.00605967
2024-07-23,-0.00155932,-0.00170808,-0.00063930
2024-07-24,-0.02342124,-0.00540504,-0.01494210
2024-07-25,-0.00515589,-0.00205481,-0.00220418
2024-07-26,0.01102942,0.00159613,0.00851667
2024-07-29,0.00081298,-0.00165997,0.00116082
2024-07-30,-0.00497251,-0.00040034,-0.00214378
2024-07-31,0.01566998,0.01569836,0.01232724
2024-08-01,-0.01378812,-0.00566661,-0.00656849
2024-08-02,-0.01855291,-0.01078830,-0.00498320
2024-08-05,-0.03042704,-0.01002238,-0.01784686
2024-08-06,0.01030085,-0.00281573,0.00260553
2024-08-07,-0.00776472,0.00409798,-0.00610612
2024-08-08,0.02278114,0.00913392,0.01246556
2024-08-09,0.00466080,0.00429077,0.00441368
2024-08-12,0.00004303,0.01019221,0.00114154
2024-08-13,0.01670723,0.00033310,0.01179493
2024-08-14,0.00381644,-0.00311995,0.00282355
2024-08-15,0.01600449,0.00540401,0.00709205
2024-08-16,0.00198780,0.00139823,0.00197637
2024-08-19,0.00967533,-0.00433350,0.00634051
2024-08-20,-0.00198653,-0.00105713,0.00040981
2024-08-21,0.00423071,-0.00301155,0.00335743
2024-08-22,-0.00897294,-0.00152077,-0.00722880
2024-08-23,0.01141794,0.00907840,0.00869580
2024-08-26,-0.00315871,0.00613471,-0.00238642
2024-08-27,0.00159393,-0.00333938,0.00079250
2024-08-28,-0.00599390,-0.00422755,-0.00380125
2024-08-29,-0.00003938,0.00477626,-0.00072112
2024-08-30,0.01004246,-0.00598729,0.00462687
2024-09-03,-0.02137796,-0.01241519,-0.01019860
2024-09-04,-0.00160383,-0.00423124,0.00137128
2024-09-05,-0.00302258,0.00204270,-0.00087572
2024-09-06,-0.01741094,-0.00716543,-0.00987678
2024-09-09,0.01151353,0.00526044,0.00747693
2024-09-10,0.00446270,-0.00409018,0.00437967
2024-09-11,0.01060856,0.00451438,0.00608196
2024-09-12,0.00746735,0.00972840,0.00383244
2024-09-13,0.00539314,0.00301539,0.00400521
2024-09-16,0.00125584,0.00307613,0.00180393
2024-09-17,0.00026452,0.00157625,-0.00056822
2024-09-18,-0.00290066,-0.00576435,-0.00348230
2024-09-19,0.01683436,0.01126595,0.00977574
2024-09-20,-0.00194291,0.00289906,-0.00128763
2024-09-23,0.00280533,-0.00073517,0.00143933
2024-09-24,0.00250803,0.00521920,0.00195191
2024-09-25,-0.00186298,-0.00511296,-0.00274606
2024-09-26,0.00403054,-0.00627893,0.00213276
2024-09-27,-0.00125400,0.00249747,0.00083623
2024-09-30,0.00422760,-0.00152675,0.00143744
2024-10-01,-0.00936785,0.00795826,-0.00416780
2024-10-02,0.00013838,0.00213822,-0.00105931
2024-10-03,-0.00168283,0.00713496,-0.00305769
2024-10-04,0.00893026,0.00219707,0.00147943
2024-10-07,-0.00963226,0.00413710,-0.00723310
2024-10-08,0.00964271,-0.00818689,0.00611841
2024-10-09,0.00708823,-0.00095036,0.00275318
2024-10-10,-0.00207227,0.00754644,-0.00128509
2024-10-11,0.00603361,0.00285762,0.00374541
2024-10-14,0.00767811,-0.00258954,0.00389690
2024-10-15,-0.00763857,-0.00820459,-0.00254018
2024-10-16,0.00466823,0.00180328,0.00342437
2024-10-17,-0.00017118,0.00134515,-0.00218437
2024-10-18,0.00396369,-0.00086030,0.00283711
2024-10-21,-0.00182443,0.00139092,-0.00419190
2024-10-22,-0.00047497,0.00677218,-0.00066338
2024-10-23,-0.00923382,-0.00521654,-0.00646658
2024-10-24,0.00214347,0.00031417,0.00217032
2024-10-25,-0.00029949,0.00377067,-0.00106393
2024-10-28,0.00264793,-0.01043656,0.00066032
2024-10-29,0.00161283,0.00044391,0.00113664
2024-10-30,-0.00330569,0.00448486,-0.00257509
2024-10-31,-0.01879013,-0.00236053,-0.01148555
2024-11-01,0.00408416,-0.00329518,0.00007473
2024-11-04,-0.00281604,0.00624129,0.00043987
2024-11-05,0.01219103,0.00335244,0.00752687
2024-11-06,0.02498128,-0.00054865,0.01084942
2024-11-07,0.00740375,0.00496389,0.00764653
2024-11-08,0.00374979,-0.00296500,0.00310000
2024-11-11,0.00096859,-0.01004166,-0.00052429
2024-11-12,-0.00289685,-0.00340553,-0.00425835
2024-11-13,0.00023220,-0.00085854,-0.00011785
2024-11-14,-0.00606811,0.00061834,-0.00368378
2024-11-15,-0.01329143,-0.00749440,-0.00780341
2024-11-18,0.00391016,0.01054421,0.00324528
2024-11-19,0.00395575,0.00360032,0.00322791
2024-11-20,0.00002195,0.00102511,-0.00058478
2024-11-21,0.00532625,0.00653370,0.00298200
2024-11-22,0.00346196,0.00728893,0.00233366
2024-11-25,0.00301593,-0.01049691,0.00610262
2024-11-26,0.00570570,0.00000677,0.00257698
2024-11-27,-0.00380848,-0.00093888,-0.00067831
2024-11-29,0.00559212,0.00303646,0.00503974
2024-12-02,0.00244546,-0.00168230,0.00143351
2024-12-03,0.00045135,0.00540878,-0.00086890
2024-12-04,0.00603318,-0.00069661,0.00513877
2024-12-05,-0.00187153,-0.00409358,-0.00116500
2024-12-06,0.00249235,-0.00173333,0.00275695
2024-12-09,-0.00616317,0.00301211,-0.00508577
2024-12-10,-0.00296828,0.00277529,-0.00249794
2024-12-11,0.00813263,0.00893128,0.00369595
2024-12-12,-0.00542873,-0.00446891,-0.00478403
2024-12-13,-0.00002647,-0.00059589,-0.00188996
2024-12-16,0.00379216,-0.00040507,0.00240334
2024-12-17,-0.00387148,-0.00243340,-0.00232289
2024-12-18,-0.02993651,-0.01009663,-0.02106564
2024-12-19,-0.00086549,-0.00131238,-0.00233587
2024-12-20,0.01081048,0.00533764,0.00795750
2024-12-23,0.00726085,0.00024327,0.00258167
2024-12-24,0.01098223,0.00485702,0.00680617
2024-12-26,-0.00040574,-0.00040980,0.00006008
2024-12-27,-0.01111730,-0.00250494,-0.00771164
2024-12-30,-0.01075967,0.00119338,-0.00411688
2024-12-31,-0.00429401,0.00284422,-0.00331129
2025-01-02,-0.00222636,0.00767472,-0.00111950
2025-01-03,0.01251736,0.00254961,0.00686125
2025-01-06,0.00552277,-0.00222354,0.00292367
2025-01-07,-0.01116602,0.00096326,-0.00852482
2025-01-08,0.00155914,0.00022628,0.00163177
2025-01-10,-0.01553164,0.00680521,-0.01224263
2025-01-13,0.00157420,0.00247291,0.00024305
2025-01-14,0.00114562,-0.00130170,0.00081905
2025-01-15,0.01814713,0.01331236,0.01507679
2025-01-16,-0.00211492,-0.00191641,-0.00031519
2025-01-17,0.00994148,0.00080172,0.00626781
2025-01-21,0.00873001,-0.00053173,0.00657705
2025-01-22,0.00611918,0.00038691,0.00263516
2025-01-23,0.00529942,-0.00286769,0.00214086
2025-01-24,-0.00285922,0.00083263,-0.00089280
2025-01-27,-0.01468806,-0.00790811,-0.00622582
2025-01-28,0.00917564,0.00677304,0.00554836
2025-01-29,-0.00468988,-0.00429328,-0.00328694
2025-01-30,0.00526155,0.00441132,0.00401646
2025-01-31,-0.00505960,0.00056897,-0.00368029
2025-02-03,-0.00763769,0.00004517,-0.00429798
2025-02-04,0.00719891,0.00126649,0.00530966
2025-02-05,0.00390105,-0.00086285,0.00465600
2025-02-06,0.00363767,-0.00186434,0.00171198
2025-02-07,-0.00950985,-0.00024072,-0.00703503
2025-02-10,0.00669011,0.00928452,0.00392823
2025-02-11,0.00033953,0.00037698,-0.00082850
2025-02-12,-0.00272758,-0.00662906,-0.00440239
2025-02-13,0.01037231,0.00407414,0.00920448
2025-02-14,-0.00007195,-0.00422014,0.00163200
2025-02-18,0.00244200,0.00609539,-0.00068374
2025-02-19,0.00237415,0.00238339,0.00207035
2025-02-20,-0.00434360,-0.00113913,-0.00178948
2025-02-21,-0.01721140,-0.00805732,-0.00797229
2025-02-24,-0.00498149,0.00228950,-0.00213613
2025-02-25,-0.00469072,-0.00768468,0.00032515
2025-02-26,0.00013602,0.00053758,0.00117899
2025-02-27,-0.01599174,-0.00122549,-0.01005897
2025-02-28,0.01572978,0.00371004,0.01162592
2025-03-03,-0.01775340,-0.00723846,-0.00920274
2025-03-04,-0.01231029,-0.00318167,-0.00864610
2025-03-05,0.01109747,-0.00614746,0.00442291
2025-03-06,-0.01797968,-0.00567473,-0.01099945
2025-03-07,0.00550544,0.00299952,0.00279501
2025-03-10,-0.02734354,-0.00905035,-0.01361895
2025-03-11,-0.00759665,0.00053996,-0.00599143
2025-03-12,0.00487497,0.00548897,0.00174081
2025-03-13,-0.01398837,-0.00103777,-0.00678668
2025-03-14,0.02104291,0.00521454,0.01123106
2025-03-17,0.00639563,0.00293813,0.00417606
2025-03-18,-0.01071067,-0.00111037,-0.00596146
2025-03-19,0.01074061,0.00465526,0.00766777
2025-03-20,-0.00218728,0.00375034,-0.00072310
2025-03-21,0.00082431,-0.00082467,0.00015800
2025-03-24,0.01749212,0.00472825,0.00817334
2025-03-25,0.00157310,0.00116058,0.00162066
2025-03-26,-0.01121964,-0.00036769,-0.00766281
2025-03-27,-0.00331246,0.00136111,-0.00232656
2025-03-28,-0.01993460,-0.00314574,-0.00875099
2025-03-31,0.00552324,0.01148830,0.00449000
2025-04-01,0.00377410,0.00062273,0.00366740
2025-04-02,0.00670566,0.00242565,0.00364579
2025-04-03,-0.04960591,-0.02728021,-0.02567156
2025-04-04,-0.06160906,-0.02665020,-0.03584549
2025-04-07,-0.00233419,-0.01215534,-0.00619291
2025-04-08,-0.01582508,-0.01217311,-0.01151251
2025-04-09,0.09089488,0.03805264,0.05327086
2025-04-10,-0.03522061,-0.01448690,-0.02363404
2025-04-11,0.01793038,0.00788419,0.00849743
2025-04-14,0.00791332,0.00198007,0.00794343
2025-04-15,-0.00172928,0.00184380,0.00014883
2025-04-16,-0.02266325,0.00484285,-0.01186698
2025-04-17,0.00132596,0.00400506,-0.00034349
2025-04-21,-0.02384965,-0.00416166,-0.01647020
2025-04-22,0.02480695,0.00553102,0.01518140
2025-04-23,0.01652386,-0.00334912,0.01033852
2025-04-24,0.02005663,0.00830469,0.01419057
2025-04-25,0.00734608,0.00221676,0.00592290
2025-04-28,0.00064050,-0.00120592,0.00197763
2025-04-29,0.00578564,-0.00516929,0.00484990
2025-04-30,0.00147890,-0.00724180,0.00151236
2025-05-01,0.00627935,0.00034702,0.00202187
2025-05-02,0.01461919,0.00004856,0.00607738
2025-05-05,-0.00640205,-0.00130828,-0.00455999
2025-05-06,-0.00772299,0.01027518,-0.00361946
2025-05-07,0.00433694,-0.00357113,0.00365591
2025-05-08,0.00578302,0.00375562,0.00034252
2025-05-09,-0.00071173,0.00392998,-0.00013018
2025-05-12,0.03203998,0.00516388,0.01667217
2025-05-13,0.00722206,0.00622895,0.00403438
2025-05-14,0.00102389,-0.00685220,-0.00088280
2025-05-15,0.00412382,0.00144712,0.00508011
2025-05-16,0.00698085,0.00110602,0.00431620
2025-05-19,0.00087573,0.00246127,0.00031256
2025-05-20,-0.00388778,0.00251571,-0.00284403
2025-05-21,-0.01626672,-0.00718629,-0.01254153
2025-05-22,-0.00044497,-0.00187393,0.00123318
2025-05-23,-0.00673090,0.00462447,-0.00288515
2025-05-27,0.02025258,0.00045529,0.01381171
2025-05-28,-0.00558680,0.00033407,-0.00445807
2025-05-29,0.00400317,-0.00035139,0.00405974
2025-05-30,-0.00008119,-0.00093482,0.00113743
2025-06-02,0.00409365,0.01101961,0.00109590
2025-06-03,0.00578353,0.00147762,0.00308672
2025-06-04,0.00007368,0.00030734,0.00297431
2025-06-05,-0.00529136,-0.00111590,-0.00436123
2025-06-06,0.01022820,0.00287414,0.00294143
2025-06-09,0.00091953,0.00284633,0.00127822
2025-06-10,0.00546801,0.00045961,0.00396340
2025-06-11,-0.00274766,0.00942629,0.00001041
2025-06-12,0.00381513,0.00324339,0.00402575
2025-06-13,-0.01136067,0.01342952,-0.00829849
2025-06-16,0.00934882,-0.00546107,0.00446228
2025-06-17,-0.00838726,0.00994581,-0.00308008
2025-06-18,-0.00030929,-0.00072295,0.00006837
2025-06-20,-0.00218104,0.00144376,-0.00105487
2025-06-23,0.00956066,-0.01441858,0.00712932
2025-06-24,0.01106033,-0.01042224,0.00802429
2025-06-25,-0.00000329,0.00102105,0.00016598
2025-06-26,0.00798813,0.00203671,0.00621742
2025-06-27,0.00520540,-0.00361424,0.00207623
2025-06-30,0.00515114,0.00270457,0.00468101
2025-07-01,-0.00111916,0.00333804,-0.00141373
2025-07-02,0.00473387,0.00592112,0.00199982
2025-07-03,0.00830438,-0.00049880,0.00359207
2025-07-07,-0.00789337,0.00200511,-0.00600439
2025-07-08,-0.00071614,-0.00114049,-0.00102292
2025-07-09,0.00604380,0.00305933,0.00569885
2025-07-10,0.00274244,-0.00278780,0.00143450
2025-07-11,-0.00330297,0.00588642,-0.00384338
2025-07-14,0.00140642,-0.00439105,0.00067413
2025-07-15,-0.00396415,-0.00227024,-0.00395134
2025-07-16,0.00318857,0.00126947,0.00301900
2025-07-17,0.00535938,0.00401253,0.00308823
2025-07-18,-0.00009049,0.00015656,0.00104890
2025-07-21,0.00139816,0.00181338,0.00223475
2025-07-22,0.00063733,0.00091819,0.00152088
2025-07-23,0.00778153,-0.00213781,0.00323481
2025-07-24,0.00069798,0.00127331,-0.00017329
2025-07-25,0.00396645,-0.00344464,0.00330983
2025-07-28,0.00017684,0.00666488,-0.00078157
2025-07-29,-0.00296383,0.00847507,0.00083673
2025-07-30,-0.00125021,0.00060315,-0.00213994
2025-07-31,-0.00370166,-0.00242728,-0.00188361
2025-08-01,-0.01612139,-0.00472063,-0.00509402
2025-08-04,0.01462956,0.00076977,0.00932082
2025-08-05,-0.00486970,-0.00384436,-0.00321418
2025-08-06,0.00725552,-0.00359064,0.00406074
2025-08-07,-0.00079780,0.00022316,-0.00077146
2025-08-08,0.00776945,0.00108617,0.00374016
2025-08-11,-0.00250727,-0.00117432,-0.00137860
2025-08-12,0.01128156,-0.00130342,0.00668504
2025-08-13,0.00322487,0.00010602,0.00335817
2025-08-14,0.00030304,0.00237274,-0.00111557
2025-08-15,-0.00290134,-0.00408497,-0.00253812
2025-08-18,-0.00010077,0.00100355,-0.00043868
2025-08-19,-0.00587533,-0.00365097,-0.00251738
2025-08-20,-0.00243463,0.00502170,-0.00087411
2025-08-21,-0.00401222,0.00058490,-0.00358157
2025-08-22,0.01507229,0.00565934,0.01126313
2025-08-25,-0.00427551,0.00282006,-0.00335964
2025-08-26,0.00412547,-0.00225366,0.00352021
2025-08-27,0.00238813,0.00302339,0.00218348
2025-08-28,0.00315175,0.00333171,0.00280659
2025-08-29,-0.00641874,-0.00074155,-0.00418396
2025-09-02,-0.00694635,0.00906370,-0.00536330
2025-09-03,0.00508711,-0.00218901,0.00443133
2025-09-04,0.00831185,0.00021743,0.00677702
2025-09-05,-0.00317017,-0.00225146,0.00004521
2025-09-08,0.00210376,0.00377233,0.00250025
2025-09-09,0.00268455,0.00136804,0.00066192
2025-09-10,0.00297903,0.00556027,0.00285987
2025-09-11,0.00845009,-0.00358777,0.00568739
2025-09-12,-0.00048288,0.00086054,-0.00144293
2025-09-15,0.00469558,0.00517506,0.00347672
2025-09-16,-0.00128876,0.00285997,-0.00052626
2025-09-17,-0.00097064,-0.00337207,-0.00144751
2025-09-18,0.00477769,-0.00030374,0.00154470
2025-09-19,0.00487352,0.00042859,0.00275856
2025-09-22,0.00440035,0.00305933,0.00197736
2025-09-23,-0.00551735,0.00443464,-0.00219249
2025-09-24,-0.00285068,0.00206955,-0.00278684
2025-09-25,-0.00502165,0.00233246,-0.00388464
2025-09-26,0.00588449,0.00157874,0.00332295
2025-09-29,0.00263208,-0.00246705,0.00274151
2025-09-30,0.00408250,-0.00004875,0.00228362
2025-10-01,0.00339415,-0.00006744,0.00338197
2025-10-02,0.00061816,-0.00450002,0.00078521
2025-10-03,0.00006551,0.00133072,-0.00074830
2025-10-06,0.00363996,0.00803325,0.00102045
2025-10-07,-0.00381869,0.00282314,-0.00129375
2025-10-08,0.00581075,0.00580607,0.00356949
2025-10-09,-0.00275937,-0.00585571,-0.00194623
2025-10-10,-0.02748598,-0.01204346,-0.01400735
2025-10-13,0.01547826,0.01126562,0.00949324
2025-10-14,-0.00156555,-0.00262353,0.00009071
2025-10-15,0.00401792,0.00341083,0.00195786
2025-10-16,-0.00631428,0.00004304,-0.00193905
2025-10-17,0.00525687,-0.00235908,0.00249751
2025-10-20,0.01061572,0.00960299,0.00690296
2025-10-21,0.00003270,-0.01082765,0.00075728
2025-10-22,-0.00535183,0.00557374,-0.00312923
2025-10-23,0.00581048,0.00877052,0.00217433
2025-10-24,0.00787136,0.00078687,0.00509221
2025-10-27,0.01221514,-0.00358299,0.00732908
2025-10-28,0.00228533,-0.00572908,0.00174031
2025-10-29,-0.00004358,0.00022757,-0.00261709
2025-10-30,-0.00995419,0.00214319,-0.00655055
2025-10-31,0.00261450,0.00244116,0.00173396
2025-11-03,0.00171923,0.00124409,0.00084098
2025-11-04,-0.01180625,-0.00725018,-0.00658666
2025-11-05,0.00364690,-0.00037310,0.00027921
2025-11-06,-0.01124113,-0.00295648,-0.00471155
2025-11-07,0.00126105,0.00248240,0.00092209
2025-11-10,0.01528363,0.00949974,0.00863196
2025-11-11,0.00207320,0.00441793,0.00248478
2025-11-12,0.00062932,-0.00479044,0.00046023
2025-11-13,-0.01669545,-0.00593847,-0.01117502
2025-11-14,-0.00050185,0.00054386,-0.00096420
2025-11-17,-0.00920450,-0.00364577,-0.00506669
2025-11-18,-0.00829071,0.00367157,-0.00431216
2025-11-19,0.00374681,-0.00231739,0.00195848
2025-11-20,-0.01568973,-0.00465083,-0.00846299
2025-11-21,0.00977510,-0.00027412,0.00718424
2025-11-24,0.01534882,0.00972867,0.00982615
2025-11-25,0.00902089,-0.00166116,0.00643856
2025-11-26,0.00688297,0.00483649,0.00445756
2025-11-28,0.00534049,0.00596725,0.00250745
2025-12-01,-0.00533755,-0.00128149,-0.00535620
2025-12-02,0.00245422,-0.00314212,0.00180334
2025-12-03,0.00297536,0.00113254,0.00261109
2025-12-04,0.00107974,0.00220839,-0.00059163
2025-12-05,0.00193477,0.00088172,0.00033248
2025-12-08,-0.00348332,-0.00537231,-0.00292012
2025-12-09,-0.00087674,-0.00095282,-0.00110814
2025-12-10,0.00672688,0.00370845,0.00532394
2025-12-11,0.00207719,-0.00182805,0.00128776
2025-12-12,-0.01072091,-0.00255662,-0.00751223
2025-12-15,-0.00159784,-0.00280654,-0.00062617
2025-12-16,-0.00238676,-0.00521900,-0.00031180
2025-12-17,-0.01165986,0.00516383,-0.00707880
2025-12-18,0.00790295,-0.00045782,0.00577650
2025-12-19,0.00877941,0.00465825,0.00436674
2025-12-22,0.00641587,0.00974113,0.00343368
2025-12-23,0.00454007,0.00441903,0.00255756
2025-12-24,0.00321630,0.00012387,0.00296904
2025-12-26,-0.00030441,-0.00236529,0.00019079
2025-12-29,-0.00349816,-0.00596286,-0.00151859
2025-12-30,-0.00137661,0.00055431,-0.00124038
2025-12-31,-0.00738487,-0.00525739,-0.00575979
2026-01-02,0.00189291,0.00121567,0.00080282
2026-01-05,0.00633402,0.01039013,0.00500590
2026-01-06,0.00617759,-0.00102562,0.00341592
2026-01-07,-0.00344585,-0.00405556,-0.00132057
2026-01-08,0.00007655,0.00898181,-0.00115818
2026-01-09,0.00645461,0.00408155,0.00432993
2026-01-12,0.00157639,0.00585294,0.00044708
2026-01-13,-0.00194101,0.00513333,-0.00066585
2026-01-14,-0.00534763,-0.00114896,-0.00237870
2026-01-15,0.00257660,-0.00451716,0.00071608
2026-01-16,-0.00064251,-0.00040771,-0.00192532
2026-01-20,-0.02084246,0.00144003,-0.01409313
2026-01-21,0.01152112,0.01023740,0.00795787
2026-01-22,0.00547250,-0.00033819,0.00324175
2026-01-23,0.00032682,0.00719888,0.00086361
2026-01-26,0.00499359,0.00195122,0.00357939
2026-01-27,0.00407359,0.00895142,0.00198602
2026-01-28,-0.00008173,0.01115198,-0.00038255
2026-01-29,-0.00129347,0.00666230,-0.00035926
2026-01-30,-0.00431118,-0.01976559,-0.00283677
2026-02-02,0.00537679,-0.01727881,0.00243893
2026-02-03,-0.00843950,0.01591315,-0.00468670
2026-02-04,-0.00508530,0.00052336,-0.00313488
2026-02-05,-0.01232668,-0.00918273,-0.00505757
2026-02-06,0.01950434,0.01014411,0.01170261
2026-02-09,0.00468012,0.00701701,0.00289131
2026-02-10,-0.00330918,-0.00168192,-0.00024093
2026-02-11,-0.00004896,0.00409529,-0.00115001
2026-02-12,-0.01578494,-0.01554504,-0.00702623
2026-02-13,0.00049896,0.00537860,0.00186607
2026-02-17,0.00103079,-0.00676758,0.00057730
2026-02-18,0.00555064,0.01587063,0.00250650
2026-02-19,-0.00282612,0.00493205,-0.00132470
2026-02-20,0.00691576,0.00422701,0.00414945
2026-02-23,-0.01043996,0.00408675,-0.00482461
2026-02-24,0.00762249,-0.00150651,0.00449140
2026-02-25,0.00810343,-0.00183434,0.00453340
2026-02-26,-0.00538003,0.00141333,-0.00216099
2026-02-27,-0.00434880,0.00778172,-0.00101411
2026-03-02,0.00039828,0.01567591,-0.00217136
2026-03-03,-0.00948891,-0.00351501,-0.00614666
2026-03-04,0.00772613,0.00531853,0.00381015
2026-03-05,-0.00566271,0.00645424,-0.00463911
2026-03-06,-0.01336572,0.02460405,-0.00826821
2026-03-09,0.00826987,-0.00654739,0.00620418
2026-03-10,-0.00213740,0.00401284,-0.00256614
2026-03-11,-0.00083795,0.00306124,-0.00233194
2026-03-12,-0.01534481,0.01153379,-0.01050063
2026-03-13,-0.00607755,0.00000078,-0.00406477
2026-03-16,0.01007991,-0.00669137,0.00784329
2026-03-17,0.00249115,0.00650358,0.00220227
2026-03-18,-0.01370100,-0.00415540,-0.01005453
2026-03-19,-0.00275258,-0.01815080,-0.00169336
2026-03-20,-0.01525393,-0.00352002,-0.01276165
2026-03-23,0.01138811,-0.02128655,0.00809562
2026-03-24,-0.00374960,0.00634630,-0.00359683
2026-03-25,0.00540449,0.00640459,0.00534554
2026-03-26,-0.01755944,-0.00529242,-0.01377868
2026-03-27,-0.01686323,0.01526246,-0.01007562
2026-03-30,-0.00395355,0.01043267,0.00045086
2026-03-31,0.02871489,0.00808908,0.01794208
2026-04-01,0.00714295,-0.00066594,0.00393657
2026-04-02,0.00112025,0.01887612,0.00159703
2026-04-06,0.00441701,0.00079460,0.00159905
2026-04-07,0.00075896,0.00077494,0.00146452
2026-04-08,0.02477204,-0.01551819,0.01574415
2026-04-09,0.00615107,0.00613824,0.00356489
2026-04-10,-0.00113917,-0.00461120,-0.00135473
2026-04-13,0.01012188,0.00698002,0.00695390
2026-04-14,0.01171399,-0.00035187,0.00832496
2026-04-15,0.00794414,-0.00320635,0.00388863
2026-04-16,0.00260656,0.00581125,0.00085186
2026-04-17,0.01196855,-0.01016647,0.00935526
2026-04-20,-0.00237720,0.00621386,-0.00180178
2026-04-21,-0.00636845,0.00430723,-0.00557783
2026-04-22,0.01040576,0.00678057,0.00666243
2026-04-23,-0.00414143,0.00533049,-0.00311349
2026-04-24,0.00794207,-0.00082852,0.00556132
2026-04-27,0.00123162,0.00148399,-0.00018297
2026-04-28,-0.00490619,0.00278098,-0.00332146
2026-04-29,-0.00039925,0.01261783,-0.00213377
2026-04-30,0.01018618,-0.00118649,0.00687047
2026-05-01,0.00292405,-0.00504462,0.00205853
2026-05-04,-0.00407046,0.00153788,-0.00392274
2026-05-05,0.00808723,-0.00094719,0.00544518
2026-05-06,0.01448294,-0.00593306,0.01067363
2026-05-07,-0.00381035,0.00091579,-0.00350913
2026-05-08,0.00839041,0.00060444,0.00608871
2026-05-11,0.00187819,0.00762892,-0.00022330
2026-05-12,-0.00160389,0.00691266,-0.00231712
2026-05-13,0.00583221,-0.00267979,0.00349932
2026-05-14,0.00762645,0.00200901,0.00432135
2026-05-15,-0.01244038,-0.00051731,-0.01065964
