date,w_SPX,w_BOND,w_GOLD,w_OIL,w_USD,pnl,cum_pnl,K,regime,max_p,G,turnover
2023-06-05,0.10801140,0.35340388,0.21236948,0.00001650,0.32619874,0.00037788,0.00037788,5,1,0.99999549,5,0.00000000
2023-06-06,0.00000160,0.35340582,0.29905312,0.00000052,0.34753894,0.00164106,0.00201894,5,2,0.99818324,5,0.10802578
2023-06-07,0.00000172,0.35340586,0.29905324,0.00000004,0.34753914,-0.00607911,-0.00406016,5,1,0.99998912,5,0.00000048
2023-06-08,0.00000051,0.35340663,0.29905354,0.00000006,0.34753925,0.00348989,-0.00057027,5,2,0.99999984,5,0.00000121
2023-06-09,0.00000011,0.35340647,0.29905356,0.00000079,0.34753907,-0.00097749,-0.00154776,5,1,1.00000000,5,0.00000075
2023-06-12,0.00000000,0.35340547,0.29905327,0.00000326,0.34753800,0.00044161,-0.00110615,5,1,0.99999986,5,0.00000246
2023-06-13,0.00005545,0.35338780,0.29903466,0.00000000,0.34752209,-0.00583069,-0.00693684,5,1,0.99999739,5,0.00005545
2023-06-14,0.00000000,0.35338777,0.29903451,0.00000000,0.34757772,-0.00107584,-0.00801268,5,2,0.99999998,5,0.00005563
2023-06-15,0.00001054,0.35338418,0.29903077,0.00000000,0.34757451,0.00285651,-0.00515617,5,1,0.99994819,5,0.00001054
2023-06-16,0.00000234,0.35338420,0.29903080,0.00000000,0.34758266,-0.00137158,-0.00652775,5,2,0.99994524,5,0.00000820
2023-06-20,0.00002451,0.35337664,0.29902290,0.00000000,0.34757595,-0.00106861,-0.00759636,5,1,0.99999611,5,0.00002217
2023-06-21,0.60000000,0.18822681,0.00000000,0.21177319,0.00000000,0.00069736,-0.00689900,5,3,0.99981308,5,0.81174868
2023-06-22,0.60002677,0.18818915,0.00000059,0.21178323,0.00000027,-0.00721374,-0.01411273,5,3,0.99999365,5,0.00003766
2023-06-23,0.60002293,0.18818712,0.00000053,0.21178925,0.00000017,-0.00417534,-0.01828808,5,3,0.99992961,5,0.00000602
2023-06-26,0.60001969,0.18818812,0.00000105,0.21179033,0.00000081,-0.00118446,-0.01947253,5,3,0.99955419,5,0.00000324
2023-06-27,0.24150263,0.46578420,0.23298250,0.00000001,0.05973066,-0.00009940,-0.01957194,5,0,0.99999677,5,0.57030738
2023-06-28,0.24150263,0.46578411,0.23298254,0.00000000,0.05973072,0.00151941,-0.01805252,5,1,0.99999993,5,0.00000010
2023-06-29,0.60000000,0.22935146,0.00000000,0.17064854,0.00000000,0.00150778,-0.01654474,5,3,0.99999191,5,0.52914591
2023-06-30,0.56163336,0.32642902,0.08098330,0.03095432,0.00000000,0.00838575,-0.00815899,5,1,0.99991065,5,0.17806086
2023-07-03,0.60000000,0.24086139,0.00000000,0.15913861,0.00000000,-0.00074620,-0.00890519,5,3,0.99927526,5,0.16655093
2023-07-05,0.59999920,0.24086084,0.00000000,0.15913996,0.00000000,0.00074324,-0.00816195,5,3,0.99967142,5,0.00000135
2023-07-06,0.59999921,0.24086019,0.00000000,0.15914060,0.00000000,-0.00721641,-0.01537836,5,3,0.99999968,5,0.00000065
2023-07-07,0.59999807,0.33182192,0.06310699,0.00507189,0.00000112,-0.00156084,-0.01693920,5,1,0.98968064,5,0.15406984
2023-07-10,0.59999852,0.22038057,0.01729588,0.16232407,0.00000097,0.00182754,-0.01511167,5,3,0.99999158,5,0.15725262
2023-07-11,0.59999876,0.33001429,0.05122236,0.01876353,0.00000106,0.00533857,-0.00977309,5,1,0.99993613,5,0.14356053
2023-07-12,0.60001046,0.33003165,0.05123764,0.01870179,0.00001846,0.00855803,-0.00121506,6,1,0.99999999,5,0.00006175
2023-07-13,0.60001728,0.33004520,0.05124957,0.01865592,0.00003203,0.00816261,0.00694755,6,1,0.99981259,5,0.00004586
2023-07-14,0.60002778,0.33006635,0.05126795,0.01858489,0.00005303,-0.00285673,0.00409082,6,1,1.00000000,5,0.00007103
2023-07-17,0.60002725,0.20893998,0.05127793,0.13970334,0.00005150,0.00083656,0.00492738,6,3,0.99999928,5,0.12112843
2023-07-18,0.60002162,0.20894064,0.05127867,0.13970464,0.00005444,0.00794315,0.01287053,6,3,0.99999999,5,0.00000564
2023-07-19,0.60001878,0.20893825,0.05127628,0.13971149,0.00005520,0.00157667,0.01444720,6,3,0.99999555,5,0.00000761
2023-07-20,0.60001637,0.20893504,0.05127313,0.13971602,0.00005943,-0.00524989,0.00919731,6,3,0.99957005,5,0.00000877
2023-07-21,0.60001171,0.30918475,0.05127183,0.03947148,0.00006023,0.00083547,0.01003278,6,1,0.99999996,5,0.10025051
2023-07-24,0.60001068,0.22339501,0.05127127,0.12525555,0.00006750,0.00471152,0.01474430,6,3,1.00000000,5,0.08579134
2023-07-25,0.60000554,0.30156416,0.05127201,0.04708824,0.00007005,0.00171834,0.01646264,6,1,1.00000000,5,0.07817245
2023-07-26,0.60000666,0.23043846,0.05127247,0.11820447,0.00007794,0.00011306,0.01657570,6,3,0.99988192,5,0.07112570
2023-07-27,0.60000520,0.23043820,0.05127367,0.11820495,0.00007797,-0.00592217,0.01065352,6,3,0.99999930,5,0.00000171
2023-07-28,0.60000548,0.23043823,0.05127409,0.11820474,0.00007746,0.00814064,0.01879416,6,3,1.00000000,5,0.00000073
2023-07-31,0.60000842,0.29181434,0.05127785,0.05682119,0.00007821,0.00222969,0.02102385,6,1,0.99999702,5,0.06138355
2023-08-01,0.60001245,0.23071385,0.05129317,0.11790283,0.00007770,-0.00382617,0.01719767,6,3,0.99968347,5,0.06110099
2023-08-02,0.60000689,0.23071402,0.05129436,0.11790807,0.00007667,-0.01148510,0.00571258,6,3,0.99987158,5,0.00000660
2023-08-03,0.60000707,0.23071498,0.05129413,0.11790943,0.00007438,-0.00055188,0.00516070,6,3,0.99956117,5,0.00000251
2023-08-04,0.60000532,0.23071638,0.05129674,0.11790740,0.00007417,0.00047988,0.00564058,6,3,0.99834362,5,0.00000400
2023-08-07,0.60001816,0.29141633,0.05131232,0.05717629,0.00007690,0.00459067,0.01023125,6,1,0.99995846,5,0.06073111
2023-08-08,0.60001203,0.26287440,0.05131261,0.08572507,0.00007590,-0.00125672,0.00897453,6,3,0.99751539,5,0.02854907
2023-08-09,0.60000868,0.28684439,0.05131171,0.06175881,0.00007641,-0.00344124,0.00553329,6,1,0.99988857,5,0.02397051
2023-08-10,0.60001223,0.28685247,0.05131884,0.06173194,0.00008451,-0.00285287,0.00268042,6,1,0.99979693,5,0.00002687
2023-08-11,0.60001515,0.28686063,0.05132606,0.06170547,0.00009269,-0.00212014,0.00056028,6,1,0.99546397,5,0.00002647
2023-08-14,0.60001717,0.27472302,0.05133042,0.07383503,0.00009435,0.00240753,0.00296781,6,3,0.99996809,5,0.01213762
2023-08-15,0.60000724,0.27472731,0.05133206,0.07383756,0.00009582,-0.00883421,-0.00586640,6,3,1.00000000,5,0.00000993
2023-08-16,0.59999976,0.27471785,0.05132079,0.07385742,0.00010418,-0.00718611,-0.01305251,6,3,0.99999905,5,0.00002822
2023-08-17,0.59999903,0.27471770,0.05131872,0.07385863,0.00010593,-0.00444929,-0.01750180,6,3,0.99993910,5,0.00000295
2023-08-18,0.60000367,0.27471812,0.05131708,0.07385100,0.00011013,0.00156910,-0.01593270,6,3,0.99999974,5,0.00000927
2023-08-21,0.59999789,0.27471113,0.05130645,0.07387009,0.00011445,0.00233258,-0.01360013,6,3,0.99999997,5,0.00002341
2023-08-22,0.59999689,0.27471003,0.05130613,0.07387325,0.00011370,-0.00177173,-0.01537185,6,3,0.99994013,5,0.00000316
2023-08-23,0.24803220,0.51915461,0.23269949,0.00000001,0.00011369,0.01068160,-0.00469025,6,0,0.99999660,5,0.42583794
2023-08-24,0.35089861,0.32631725,0.23270525,0.08996164,0.00011725,-0.00595925,-0.01064950,6,3,0.99999795,5,0.19283736
2023-08-25,0.35089834,0.32631810,0.23270605,0.08996090,0.00011661,0.00324479,-0.00740471,6,3,0.99999995,5,0.00000165
2023-08-28,0.35089815,0.32631846,0.23270733,0.08995987,0.00011619,0.00371299,-0.00369172,6,3,0.99999999,5,0.00000164
2023-08-29,0.00000003,0.32631847,0.23270731,0.00000000,0.44097419,0.00213795,-0.00155377,6,2,0.99999969,5,0.44085802
2023-08-30,0.00000001,0.32631855,0.23270730,0.00000000,0.44097414,-0.00021932,-0.00177309,6,2,0.99999407,5,0.00000008
2023-08-31,0.00000000,0.32631861,0.23270728,0.00000000,0.44097410,0.00240934,0.00063625,6,2,0.98023701,5,0.00000006
2023-09-01,0.31969129,0.20577797,0.23270771,0.05068970,0.19113333,0.00185717,0.00249342,6,3,0.99996188,5,0.37038140
2023-09-05,0.31969495,0.19207750,0.23271184,0.06437844,0.19113727,-0.00273629,-0.00024287,6,3,0.99999954,5,0.01370047
2023-09-06,0.31969608,0.17857079,0.23271396,0.07787988,0.19113929,-0.00293074,-0.00317362,6,3,0.99999990,5,0.01350671
2023-09-07,0.31969566,0.16520566,0.23271476,0.09124381,0.19114012,-0.00042089,-0.00359451,6,3,0.99999994,5,0.01336555
2023-09-08,0.31969461,0.16389667,0.23271317,0.09255692,0.19113864,0.00117953,-0.00241498,6,3,1.00000000,5,0.00131312
2023-09-11,0.04518366,0.20707294,0.23685768,0.00000023,0.51088549,-0.00205781,-0.00447279,6,2,0.99993400,5,0.36706764
2023-09-12,0.14945264,0.06967470,0.23685785,0.12232691,0.42168791,0.00079901,-0.00367378,6,3,0.99999943,5,0.22659583
2023-09-13,0.15888343,0.06967475,0.23685810,0.12232812,0.41225560,-0.00001753,-0.00369131,6,3,0.99993076,5,0.00943230
2023-09-14,0.15888155,0.06905842,0.23685774,0.12294684,0.41225545,0.00602937,0.00233806,6,3,0.99994572,5,0.00061872
2023-09-15,0.15888681,0.06903276,0.23686067,0.12296435,0.41225541,-0.00062227,0.00171579,6,3,0.99998861,5,0.00002571
2023-09-18,0.16357828,0.06903276,0.23686067,0.12296433,0.40756395,0.00112365,0.00283944,6,3,0.99981307,5,0.00469147
2023-09-19,0.16358385,0.06903453,0.23686541,0.12297760,0.40753860,-0.00047625,0.00236319,6,3,0.99999999,5,0.00002535
2023-09-20,0.05725618,0.21096508,0.24208284,0.00000000,0.48969591,0.00030833,0.00267152,6,2,0.99736121,5,0.22930527
2023-09-21,0.15374032,0.10563619,0.24208283,0.10786819,0.39067248,-0.00446403,-0.00179251,6,3,1.00000000,5,0.20435232
2023-09-22,0.22190337,0.10563719,0.24208357,0.03970324,0.39067263,0.00171164,-0.00008087,6,1,0.99999965,5,0.06816495
2023-09-25,0.22190336,0.08983932,0.24208356,0.09287584,0.35329792,0.00001425,-0.00006662,6,3,0.99997016,5,0.05317260
2023-09-26,0.07455922,0.23378629,0.24208523,0.00000000,0.44956926,-0.00176246,-0.00182908,6,2,0.99970865,5,0.24021997
2023-09-27,0.07452000,0.23379961,0.24209871,0.00000016,0.44958152,-0.00193070,-0.00375978,6,2,1.00000000,5,0.00003922
2023-09-28,0.18014585,0.13459839,0.24210685,0.09371782,0.34943109,-0.00317896,-0.00693874,6,3,0.99999997,5,0.19935165
2023-09-29,0.18725359,0.13459535,0.24210169,0.09371129,0.34233808,-0.00356804,-0.01050678,6,3,0.99999836,5,0.00710774
2023-10-02,0.18725365,0.13459497,0.24210174,0.09371152,0.34233811,-0.00271770,-0.01322447,6,3,1.00000000,5,0.00000038
2023-10-03,0.00383448,0.17699883,0.24210224,0.00000000,0.57706445,-0.00164691,-0.01487138,6,2,1.00000000,5,0.27713070
2023-10-04,0.19389223,0.15317009,0.24210240,0.08341851,0.32741676,-0.00313511,-0.01800649,6,3,0.99999995,5,0.27347643
2023-10-05,0.19389243,0.15316992,0.24210240,0.08341853,0.32741671,-0.00329100,-0.02129749,6,3,0.99999833,5,0.00000023
2023-10-06,0.00419423,0.15370337,0.24210240,0.00000000,0.60000000,-0.00081743,-0.02211491,6,2,1.00000000,5,0.27311674
2023-10-09,0.00419624,0.15370137,0.24210548,0.00000000,0.59999692,0.00618547,-0.01592944,6,2,1.00000000,5,0.00000509
2023-10-10,0.19421578,0.14566617,0.24210564,0.08487051,0.33314190,-0.00093427,-0.01686371,6,3,0.99999999,5,0.27489022
2023-10-11,0.20181367,0.13882340,0.24211288,0.08486656,0.33238350,0.00222817,-0.01463554,6,3,0.99998972,5,0.00760512
2023-10-12,0.00608647,0.14741807,0.24649546,0.00000000,0.60000000,0.00282108,-0.01181446,6,2,0.99999999,5,0.28059375
2023-10-13,0.00608633,0.14741718,0.24649545,0.00000001,0.60000103,0.00911030,-0.00270416,6,2,1.00000000,5,0.00000104
2023-10-16,0.00608619,0.14741616,0.24649549,0.00000001,0.60000214,-0.00462490,-0.00732905,6,2,1.00000000,5,0.00000116
2023-10-17,0.00608422,0.14741668,0.24650036,0.00000001,0.59999873,-0.00079632,-0.00812538,6,2,1.00000000,5,0.00000538
2023-10-18,0.00607966,0.14741874,0.24649009,0.00000006,0.60001145,0.00497831,-0.00314706,6,2,0.99999999,5,0.00001483
2023-10-19,0.18549291,0.13968470,0.24649020,0.08096983,0.34736236,0.00153599,-0.00161107,6,3,0.99978565,5,0.26038313
2023-10-20,0.18549297,0.21738723,0.24975747,0.00000000,0.34736233,-0.00028464,-0.00189571,6,0,0.99999997,5,0.08096986
2023-10-23,0.04510292,0.21738735,0.24975778,0.00000001,0.48775194,-0.00236087,-0.00425658,6,2,1.00000000,5,0.14039005
2023-10-24,0.04508508,0.21739344,0.24976371,0.00000007,0.48775771,0.00347052,-0.00078606,6,2,1.00000000,5,0.00001784
2023-10-25,0.04508507,0.21739347,0.24976373,0.00000000,0.48775773,-0.00021264,-0.00099870,6,2,1.00000000,5,0.00000008
2023-10-26,0.04508505,0.21739347,0.24976374,0.00000000,0.48775774,0.00264610,0.00164740,6,2,1.00000000,5,0.00000002
2023-10-27,0.04506654,0.21740065,0.24976907,0.00000000,0.48776374,0.00235871,0.00400611,6,2,1.00000000,5,0.00001851
2023-10-30,0.04504986,0.21740715,0.24977385,0.00000000,0.48776915,-0.00355726,0.00044885,6,2,1.00000000,5,0.00001668
2023-10-31,0.04503917,0.21741132,0.24977692,0.00000000,0.48777260,0.00139596,0.00184481,6,2,0.99999999,5,0.00001069
2023-11-01,0.22965870,0.16315730,0.24977052,0.05719575,0.30021773,0.00337431,0.00521912,6,3,0.99999766,5,0.24181529
2023-11-02,0.12552969,0.16315723,0.28548056,0.00000008,0.42583243,0.00216884,0.00738796,6,2,0.96023935,5,0.16132474
2023-11-03,0.17633418,0.15653853,0.28548051,0.07414338,0.30750341,-0.00031389,0.00707407,6,3,0.99996082,5,0.12494778
2023-11-06,0.14186765,0.15653440,0.28914390,0.00000000,0.41245405,-0.00250391,0.00457016,6,2,0.99999998,5,0.10861404
2023-11-07,0.19222025,0.15653428,0.28914399,0.06998957,0.29211191,-0.00174879,0.00282137,6,3,0.99999895,5,0.12034226
2023-11-08,0.13469790,0.15653462,0.28914576,0.00000005,0.41962167,-0.00227151,0.00054986,6,2,1.00000000,5,0.12751188
2023-11-09,0.20216141,0.15653457,0.28914583,0.07007941,0.28207879,-0.00075710,-0.00020723,6,3,0.99999998,5,0.13754294
2023-11-10,0.27214234,0.15653388,0.25252507,0.03672083,0.28207787,0.00222597,0.00201874,6,1,0.99956756,5,0.06998093
2023-11-13,0.27214432,0.15653509,0.25252737,0.06596547,0.25282774,0.00178052,0.00379926,6,3,0.99999991,5,0.02925014
2023-11-14,0.27214433,0.15653449,0.25252755,0.06596550,0.25282813,0.00549265,0.00929192,6,3,0.99999663,5,0.00000061
2023-11-15,0.19205127,0.15653449,0.27406834,0.00881834,0.36852757,-0.00042577,0.00886615,6,2,1.00000000,5,0.13724023
2023-11-16,0.25017994,0.15653444,0.27406833,0.06785752,0.25135977,0.00151271,0.01037886,6,3,1.00000000,5,0.11716785
2023-11-17,0.20602515,0.15653421,0.27406845,0.00480571,0.35856648,-0.00143007,0.00894878,6,2,0.99999999,5,0.10720683
2023-11-20,0.20438767,0.15653377,0.27406623,0.00479662,0.36021571,0.00027248,0.00922126,6,2,0.99994887,5,0.00164923
2023-11-21,0.24879363,0.15653372,0.27406622,0.07008110,0.25052534,0.00312251,0.01234377,6,3,0.99999999,5,0.10969044
2023-11-22,0.24879387,0.15653157,0.27406735,0.07008399,0.25052322,-0.00025228,0.01209149,6,3,1.00000000,5,0.00000426
2023-11-24,0.22795370,0.15653142,0.27406738,0.01247282,0.32897469,-0.00085352,0.01123797,6,2,1.00000000,5,0.07845149
2023-11-27,0.22795399,0.15653154,0.27406768,0.00725311,0.33419368,0.00180180,0.01303978,6,2,1.00000000,5,0.00521971
2023-11-28,0.22796682,0.15654742,0.27408192,0.00719431,0.33420952,0.00352601,0.01656579,6,2,1.00000000,5,0.00005880
2023-11-29,0.22796825,0.15654822,0.28127276,0.00000005,0.33421072,0.00136433,0.01793012,6,2,1.00000000,5,0.00719426
2023-11-30,0.22795649,0.15655219,0.28127669,0.00000008,0.33421455,0.00132198,0.01925210,6,2,1.00000000,5,0.00001176
2023-12-01,0.25766824,0.15655212,0.28127667,0.06127060,0.24323237,0.00625596,0.02550806,6,3,0.99999999,5,0.09098227
2023-12-04,0.28230220,0.15655300,0.28127759,0.06127035,0.21859685,-0.00804172,0.01746633,6,3,1.00000000,5,0.02463577
2023-12-05,0.28906341,0.15655349,0.28127693,0.06127005,0.21183612,-0.00013881,0.01732752,6,3,0.99999616,5,0.00676170
2023-12-06,0.27882948,0.15656116,0.29687293,0.00000000,0.26773643,0.00128322,0.01861074,6,2,0.99999950,5,0.07150398
2023-12-07,0.27880836,0.15656823,0.29687995,0.00000017,0.26774328,0.00101508,0.01962582,6,2,1.00000000,5,0.00002112
2023-12-08,0.27875163,0.15658733,0.29689873,0.00000044,0.26776187,-0.00285985,0.01676597,6,2,1.00000000,5,0.00005673
2023-12-11,0.30925245,0.15658732,0.29689870,0.03454353,0.20271801,-0.00165395,0.01511202,6,3,0.99999996,5,0.06504391
2023-12-12,0.29489895,0.15658717,0.30877881,0.00000000,0.23973508,0.00086698,0.01597899,6,2,0.99999986,5,0.04889718
2023-12-13,0.29485431,0.15660214,0.30879352,0.00000034,0.23974968,0.01115273,0.02713172,6,2,1.00000000,5,0.00004463
2023-12-14,0.21956707,0.23187225,0.30880143,0.00000015,0.23975909,0.00207540,0.02920713,6,0,0.99999274,5,0.07528743
2023-12-15,0.31416162,0.22469239,0.30880060,0.02255265,0.12979275,-0.00220771,0.02699941,6,3,0.99017951,5,0.11714704
2023-12-18,0.31958956,0.21556303,0.30878791,0.02626181,0.12979768,0.00271835,0.02971776,6,3,0.99999993,5,0.00914204
2023-12-19,0.28940343,0.21556312,0.30878795,0.00000000,0.18624550,0.00337521,0.03309297,6,2,1.00000000,5,0.05644794
2023-12-20,0.28938114,0.21557062,0.30879544,0.00000017,0.18625264,-0.00409453,0.02899845,6,2,1.00000000,5,0.00002230
2023-12-21,0.28935145,0.21558064,0.30880541,0.00000025,0.18626225,0.00357526,0.03257370,6,2,1.00000000,5,0.00002968
2023-12-22,0.28935150,0.21558078,0.30880545,0.00000002,0.18626225,0.00157606,0.03414976,6,2,1.00000000,5,0.00000023
2023-12-26,0.28935150,0.21558086,0.30880543,0.00000001,0.18626220,0.00328869,0.03743844,6,2,1.00000000,5,0.00000009
2023-12-27,0.28935150,0.21558094,0.30880541,0.00000000,0.18626214,0.00251995,0.03995840,6,2,1.00000000,5,0.00000008
2023-12-28,0.32229302,0.21499798,0.30880543,0.02171747,0.13218610,-0.00261811,0.03734028,6,3,0.99999998,5,0.05465901
2023-12-29,0.32229288,0.21499792,0.31147545,0.00000020,0.15123355,-0.00165591,0.03568437,6,2,1.00000000,5,0.02171747
2024-01-02,0.32227057,0.21500544,0.31148289,0.00000023,0.15124087,-0.00208935,0.03359503,6,2,1.00000000,5,0.00002231
2024-01-03,0.31900818,0.21500543,0.31474550,0.00000002,0.15124087,-0.00419077,0.02940426,6,2,0.99999999,5,0.00326261
2024-01-04,0.24048023,0.29351686,0.31475338,0.00000014,0.15124938,-0.00228378,0.02712048,6,0,0.99978856,5,0.07852795
2024-01-05,0.24048026,0.29351694,0.31475339,0.00000001,0.15124939,-0.00058716,0.02653332,6,2,1.00000000,5,0.00000013
2024-01-08,0.24048027,0.29351698,0.31475337,0.00000000,0.15124938,0.00160819,0.02814151,6,2,1.00000000,5,0.00000004
2024-01-09,0.24048027,0.29351701,0.31475336,0.00000000,0.15124936,0.00011876,0.02826027,6,2,0.99999874,5,0.00000004
2024-01-10,0.24048027,0.29351705,0.31475334,0.00000000,0.15124934,-0.00009884,0.02816143,6,2,1.00000000,5,0.00000003
2024-01-11,0.24048027,0.29351708,0.31475332,0.00000000,0.15124932,0.00213332,0.03029475,6,2,0.99989533,5,0.00000004
2024-01-12,0.24048027,0.29351710,0.31475331,0.00000000,0.15124932,0.00420778,0.03450253,6,2,1.00000000,5,0.00000002
2024-01-16,0.24047968,0.29351467,0.31475217,0.00000669,0.15124679,-0.00497198,0.02953055,6,2,0.99999698,5,0.00000669
2024-01-17,0.35598391,0.29351396,0.19925460,0.00000170,0.15124584,-0.00505792,0.02447263,6,1,0.99914738,5,0.11550423
2024-01-18,0.35597940,0.29351046,0.19924734,0.03746894,0.11379385,0.00484158,0.02931421,6,3,0.99999832,5,0.03746725
2024-01-19,0.34477923,0.29351049,0.21044765,0.03746874,0.11379389,0.00458381,0.03389801,6,2,1.00000000,5,0.01120037
2024-01-22,0.37138248,0.26571089,0.21044707,0.03866597,0.11379359,0.00135480,0.03525281,6,3,0.99833361,5,0.02780048
2024-01-23,0.38193401,0.25514698,0.21045148,0.03867035,0.11379716,0.00155970,0.03681251,6,3,0.99999963,5,0.01056390
2024-01-24,0.37004694,0.25514701,0.22233864,0.03867022,0.11379719,-0.00210983,0.03470268,6,2,0.99999999,5,0.01188720
2024-01-25,0.38919224,0.25514857,0.22234225,0.04095025,0.09236670,0.00526077,0.03996345,6,3,0.99997074,5,0.02143049
2024-01-26,0.38839341,0.25515937,0.22313704,0.04093717,0.09237300,-0.00037450,0.03958895,6,2,0.99999960,5,0.00081190
2024-01-29,0.38839074,0.25516515,0.22313494,0.04093728,0.09237190,0.00542817,0.04501711,6,2,0.99999972,5,0.00000588
2024-01-30,0.38826120,0.25516314,0.22327685,0.04093073,0.09236808,0.00078474,0.04580186,6,2,1.00000000,5,0.00014191
2024-01-31,0.38825744,0.25516021,0.22327063,0.04832304,0.08498868,-0.00540179,0.04040007,6,3,0.99999949,5,0.00739231
2024-02-01,0.38540733,0.25516022,0.23103455,0.04340921,0.08498869,0.00717530,0.04757537,6,2,0.99999999,5,0.00776394
2024-02-02,0.37591302,0.25516022,0.24665429,0.03728378,0.08498869,-0.00177788,0.04579749,6,2,0.99999681,5,0.01561974
2024-02-05,0.34051795,0.32783827,0.24665472,0.00000001,0.08498905,-0.00520166,0.04059583,6,0,0.99999997,5,0.07267884
2024-02-06,0.34051725,0.32783544,0.24665356,0.00000760,0.08498614,0.00359093,0.04418675,6,2,1.00000000,5,0.00000759
2024-02-07,0.34051725,0.32783520,0.24665355,0.00000795,0.08498605,0.00205219,0.04623894,6,2,0.99999810,5,0.00000035
2024-02-08,0.39831835,0.26834760,0.24665362,0.04081859,0.04586184,0.00039293,0.04663187,6,3,0.99996678,5,0.09861181
2024-02-09,0.39831837,0.26834800,0.24665353,0.04081812,0.04586198,0.00089317,0.04752504,6,2,1.00000000,5,0.00000056
2024-02-12,0.39831848,0.26834881,0.24665346,0.04081694,0.04586232,-0.00046884,0.04705620,6,2,1.00000000,5,0.00000126
2024-02-13,0.39831844,0.26834897,0.24665339,0.04081677,0.04586244,-0.01121288,0.03584332,6,2,1.00000000,5,0.00000028
2024-02-14,0.39831837,0.26834904,0.24665332,0.04081664,0.04586262,0.00394883,0.03979216,6,2,1.00000000,5,0.00000025
2024-02-15,0.39831836,0.26834944,0.24665327,0.04081607,0.04586286,0.00525693,0.04504909,6,2,1.00000000,5,0.00000063
2024-02-16,0.39831833,0.26834966,0.24665320,0.04081583,0.04586298,-0.00185285,0.04319623,6,2,1.00000000,5,0.00000034
2024-02-20,0.40410537,0.25511616,0.24663356,0.04827704,0.04586786,-0.00122873,0.04196750,6,3,0.99994777,5,0.01325314
2024-02-21,0.40410531,0.25511618,0.24663352,0.04827696,0.04586802,0.00017536,0.04214286,6,2,1.00000000,5,0.00000018
2024-02-22,0.38204725,0.32545020,0.24663405,0.00000002,0.04586849,0.00812592,0.05026878,6,0,0.99999977,5,0.07033501
2024-02-23,0.38204725,0.32545012,0.24663409,0.00000006,0.04586847,0.00304709,0.05331587,6,2,1.00000000,5,0.00000009
2024-02-26,0.38204725,0.32545006,0.24663412,0.00000008,0.04586849,-0.00256592,0.05074995,6,2,1.00000000,5,0.00000007
2024-02-27,0.38204725,0.32545000,0.24663416,0.00000010,0.04586849,-0.00030676,0.05044319,6,2,1.00000000,5,0.00000006
2024-02-28,0.38204725,0.32544995,0.24663419,0.00000012,0.04586850,0.00102321,0.05146640,6,2,1.00000000,5,0.00000005
2024-02-29,0.38204725,0.32544992,0.24663423,0.00000012,0.04586847,0.00401454,0.05548094,6,2,0.99999977,5,0.00000005
2024-03-01,0.38204725,0.32544989,0.24663427,0.00000013,0.04586846,0.00906836,0.06454931,6,2,1.00000000,5,0.00000004
2024-03-04,0.38204725,0.32544983,0.24663430,0.00000015,0.04586847,0.00277643,0.06732574,6,2,1.00000000,5,0.00000007
2024-03-05,0.38204726,0.32544980,0.24663434,0.00000015,0.04586845,-0.00048514,0.06684060,6,2,0.99999808,5,0.00000005
2024-03-06,0.38204727,0.32544970,0.24663437,0.00000020,0.04586846,0.00460195,0.07144255,6,2,0.99998041,5,0.00000010
2024-03-07,0.40704771,0.26138250,0.24663636,0.04803259,0.03690084,0.00575386,0.07719641,6,3,0.99999988,5,0.07303482
2024-03-08,0.40705793,0.26139464,0.24664703,0.04798745,0.03691294,-0.00095045,0.07624596,6,2,1.00000000,5,0.00004514
2024-03-11,0.40705792,0.26139463,0.25730430,0.03733021,0.03691294,-0.00014306,0.07610289,6,2,1.00000000,5,0.01065727
2024-03-12,0.40705785,0.26139437,0.25730430,0.03733013,0.03691335,0.00051919,0.07662208,6,2,1.00000000,5,0.00000041
2024-03-13,0.40705780,0.26139409,0.25730430,0.03733012,0.03691369,0.00126788,0.07788996,6,2,0.99998676,5,0.00000035
2024-03-14,0.40705778,0.26139365,0.25730430,0.03733016,0.03691411,-0.00339478,0.07449517,6,2,0.99999997,5,0.00000046
2024-03-15,0.40705776,0.26139325,0.25730430,0.03733018,0.03691452,-0.00386273,0.07063245,6,2,1.00000000,5,0.00000043
2024-03-18,0.40705773,0.26139290,0.25730430,0.03733014,0.03691493,0.00354584,0.07417828,6,2,1.00000000,5,0.00000042
2024-03-19,0.40705771,0.26139251,0.25730431,0.03733015,0.03691531,0.00305738,0.07723566,6,2,0.99999990,5,0.00000040
2024-03-20,0.40705768,0.26139219,0.25730433,0.03733012,0.03691568,0.00653061,0.08376627,6,2,1.00000000,5,0.00000038
2024-03-21,0.40705769,0.26139183,0.25730434,0.03733014,0.03691600,0.00111714,0.08488341,6,2,0.99999959,5,0.00000036
2024-03-22,0.40705773,0.26139143,0.25730436,0.03733016,0.03691632,-0.00123989,0.08364352,6,2,1.00000000,5,0.00000040
2024-03-25,0.40705777,0.26139106,0.25730441,0.03733017,0.03691660,-0.00068648,0.08295703,6,2,0.99999958,5,0.00000037
2024-03-26,0.40705781,0.26139061,0.25730447,0.03733017,0.03691693,-0.00012271,0.08283432,6,2,1.00000000,5,0.00000045
2024-03-27,0.40705786,0.26139007,0.25730456,0.03733017,0.03691734,0.00648169,0.08931601,6,2,0.99999963,5,0.00000054
2024-03-28,0.35190957,0.35386851,0.25730457,0.00000000,0.03691735,0.00345866,0.09277467,6,0,0.99701526,5,0.09247846
2024-04-01,0.35190345,0.35387062,0.25730674,0.00000004,0.03691914,-0.00116965,0.09160502,6,0,0.99910910,5,0.00000612
2024-04-02,0.35187847,0.35387927,0.25731563,0.00000017,0.03692646,0.00040745,0.09201246,6,0,0.99999995,5,0.00002498
2024-04-03,0.35187851,0.35387929,0.25731567,0.00000003,0.03692650,0.00287890,0.09489136,6,2,0.99950880,5,0.00000014
2024-04-04,0.35187851,0.35387929,0.25731568,0.00000000,0.03692651,-0.00463738,0.09025398,6,2,0.99659036,5,0.00000003
2024-04-05,0.35187851,0.35387928,0.25731569,0.00000000,0.03692652,0.00594201,0.09619599,6,2,0.99984926,5,0.00000001
2024-04-08,0.35187658,0.35387995,0.25731637,0.00000001,0.03692710,0.00061480,0.09681079,6,0,1.00000000,5,0.00000194
2024-04-09,0.34673267,0.35387284,0.25732195,0.00000000,0.04207253,0.00330278,0.10011357,6,0,0.99985714,5,0.00515101
2024-04-10,0.33605836,0.35387311,0.25732257,0.00000002,0.05274594,-0.00981830,0.09029527,6,0,0.99948596,5,0.01067431
2024-04-11,0.33605837,0.35387310,0.25732258,0.00000000,0.05274595,0.00698206,0.09727733,6,2,0.99995021,5,0.00000003
2024-04-12,0.33605837,0.35387309,0.25732258,0.00000000,0.05274596,-0.00647330,0.09080403,6,2,0.99996746,5,0.00000002
2024-04-15,0.28462843,0.35387346,0.25732232,0.00000003,0.10417575,-0.00075849,0.09004555,6,0,1.00000000,5,0.05143020
2024-04-16,0.41794441,0.18088958,0.25732235,0.04669568,0.09714798,-0.00130653,0.08873901,6,3,0.99999999,5,0.18001165
2024-04-17,0.33426625,0.18088951,0.25732232,0.00000009,0.22752183,-0.00340501,0.08533400,6,0,0.99961586,5,0.13037384
2024-04-18,0.33219282,0.18088951,0.25732233,0.00000001,0.22959533,-0.00001052,0.08532348,6,0,1.00000000,5,0.00207351
2024-04-19,0.29867880,0.18089645,0.25731904,0.00000026,0.26310545,-0.00158623,0.08373725,6,0,1.00000000,5,0.03351731
2024-04-22,0.29676013,0.18089701,0.25732061,0.00000009,0.26502216,-0.00374502,0.07999224,6,0,1.00000000,5,0.00191885
2024-04-23,0.29674229,0.18090300,0.25732667,0.00000018,0.26502786,0.00202998,0.08202222,6,0,0.99998983,5,0.00001784
2024-04-24,0.42114920,0.16894946,0.25732708,0.04478245,0.10779181,-0.00098364,0.08103858,6,3,0.99999678,5,0.16918960
2024-04-25,0.29652244,0.16894315,0.28808291,0.00000249,0.24644901,-0.00080773,0.08023084,6,0,1.00000000,5,0.16941303
2024-04-26,0.29652308,0.16894370,0.28808343,0.00000022,0.24644956,0.00551809,0.08574894,6,0,1.00000000,5,0.00000228
2024-04-29,0.29652313,0.16894374,0.28808348,0.00000004,0.24644961,0.00026816,0.08601709,6,2,0.99995553,5,0.00000018
2024-04-30,0.29650057,0.16895136,0.28809111,0.00000021,0.24645675,-0.00976007,0.07625703,6,0,1.00000000,5,0.00002255
2024-05-01,0.29648359,0.16895712,0.28809690,0.00000018,0.24646221,0.00199123,0.07824826,6,0,0.99999232,5,0.00001701
2024-05-02,0.27675298,0.16895718,0.28809593,0.00000030,0.26619361,0.00038544,0.07863369,6,0,0.99976141,5,0.01973158
2024-05-03,0.24252053,0.16896285,0.28809304,0.00000027,0.30042331,0.00289329,0.08152698,6,0,0.99998991,5,0.03423537
2024-05-06,0.24250539,0.16896799,0.28809821,0.00000018,0.30042823,0.00596636,0.08749334,6,0,0.99994465,5,0.00001523
2024-05-07,0.24249625,0.16897111,0.28810132,0.00000011,0.30043122,0.00027164,0.08776498,6,0,0.99791764,5,0.00000921
2024-05-08,0.41209576,0.16434140,0.28810118,0.02592649,0.10953516,-0.00095129,0.08681368,6,3,0.92744253,5,0.19552590
2024-05-09,0.28085445,0.16434132,0.28810113,0.00000013,0.26670296,0.00550548,0.09231916,6,0,0.99928768,5,0.15716780
2024-05-10,0.28085448,0.16434145,0.28810112,0.00000001,0.26670293,0.00262996,0.09494913,6,0,0.92452649,5,0.00000016
2024-05-13,0.28085449,0.16434147,0.28810111,0.00000001,0.26670293,-0.00321086,0.09173826,6,2,0.99992036,5,0.00000002
2024-05-14,0.28084467,0.16434476,0.28810444,0.00000010,0.26670602,0.00370403,0.09544230,6,0,0.96917725,5,0.00000981
2024-05-15,0.43782741,0.16434361,0.13112450,0.00000000,0.26670448,0.00632669,0.10176898,6,1,0.99792191,5,0.15698274
2024-05-16,0.43782741,0.16434361,0.13112450,0.00000000,0.26670447,-0.00108580,0.10068318,6,2,0.99986714,5,0.00000000
2024-05-17,0.32381641,0.16434346,0.24513525,0.00000008,0.26670480,0.00387705,0.10456023,6,0,0.99961731,5,0.11401115
2024-05-20,0.32379100,0.16435208,0.24514398,0.00000022,0.26671272,0.00140709,0.10596731,6,0,1.00000000,5,0.00002541
2024-05-21,0.32378957,0.16434526,0.24513923,0.00001962,0.26670632,0.00087212,0.10683943,6,2,0.99997224,5,0.00001940
2024-05-22,0.32379403,0.16434968,0.24514365,0.00000187,0.26671077,-0.00479736,0.10204207,6,0,1.00000000,5,0.00001775
2024-05-23,0.46011857,0.16236974,0.24514406,0.03034927,0.10201836,-0.00888158,0.09316049,6,3,0.99998027,5,0.16667235
2024-05-24,0.46238635,0.16011291,0.24514226,0.03033995,0.10201853,0.00370482,0.09686531,6,3,0.99992710,5,0.00226796
2024-05-28,0.46238626,0.16011247,0.24514241,0.03033995,0.10201891,0.00255354,0.09941885,6,2,0.99999619,5,0.00000053
2024-05-29,0.46238618,0.16011210,0.24514254,0.03033996,0.10201921,-0.00635257,0.09306628,6,2,0.99867067,5,0.00000045
2024-05-30,0.46238611,0.16011174,0.24514267,0.03033997,0.10201951,-0.00224163,0.09082464,6,2,0.99999728,5,0.00000044
2024-05-31,0.46238602,0.16011132,0.24514282,0.03033998,0.10201986,0.00264127,0.09346592,6,2,0.99982405,5,0.00000051
2024-06-03,0.46238594,0.16011092,0.24514297,0.03033999,0.10202018,0.00196495,0.09543087,6,2,0.99999995,5,0.00000047
2024-06-04,0.46238588,0.16011060,0.24514309,0.03034000,0.10202044,-0.00092029,0.09451057,6,2,0.99981808,5,0.00000039
2024-06-05,0.54971691,0.16011315,0.16826291,0.01988378,0.10202325,0.00940185,0.10391243,6,1,0.99991536,5,0.08733640
2024-06-06,0.56587812,0.16011291,0.15237723,0.01960883,0.10202291,0.00116813,0.10508055,6,1,0.99982729,5,0.01616120
2024-06-07,0.56587818,0.16011317,0.15237748,0.01960786,0.10202331,-0.00707416,0.09800640,6,2,0.99996661,5,0.00000097
2024-06-10,0.56587816,0.16011308,0.15237751,0.01960786,0.10202339,0.00339673,0.10140313,6,2,0.95753206,5,0.00000011
2024-06-11,0.56587797,0.16011289,0.15237729,0.02234597,0.09928588,0.00296239,0.10436552,6,3,0.99410320,5,0.00273811
2024-06-12,0.56587803,0.16011312,0.15237753,0.02234506,0.09928626,0.00577791,0.11014343,6,2,0.99950736,5,0.00000091
2024-06-13,0.27500337,0.39301501,0.15237753,0.00000000,0.17960409,0.00267322,0.11281665,6,0,1.00000000,5,0.31321972
2024-06-14,0.27500338,0.39301513,0.15237749,0.00000000,0.17960401,0.00357598,0.11639263,6,0,0.78119659,5,0.00000013
2024-06-17,0.27504250,0.39300178,0.15236310,0.00000000,0.17959262,-0.00095938,0.11543324,6,2,0.99987962,5,0.00003912
2024-06-18,0.27499180,0.39301896,0.15238115,0.00000039,0.17960770,0.00294738,0.11838062,6,0,1.00000000,5,0.00005070
2024-06-20,0.27503093,0.39300575,0.15236688,0.00000000,0.17959645,0.00094012,0.11932074,6,2,0.99999628,5,0.00003913
2024-06-21,0.27506710,0.39299340,0.15235354,0.00000000,0.17958596,-0.00229310,0.11702764,6,2,0.99995592,5,0.00003617
2024-06-24,0.25209635,0.40880626,0.15235357,0.00000001,0.18674381,-0.00046855,0.11655909,6,0,0.99999936,5,0.02297075
2024-06-25,0.25209177,0.40880781,0.15235519,0.00000003,0.18674520,0.00077122,0.11733031,6,0,0.99292836,5,0.00000458
2024-06-26,0.25213396,0.40879342,0.15233963,0.00000000,0.18673299,-0.00259078,0.11473952,6,2,0.99999993,5,0.00004219
2024-06-27,0.25217163,0.40878056,0.15232571,0.00000000,0.18672210,0.00260247,0.11734200,6,2,0.99999692,5,0.00003767
2024-06-28,0.25220303,0.40876985,0.15231408,0.00000000,0.18671305,-0.00319456,0.11414744,6,2,0.99999993,5,0.00003140
2024-07-01,0.25222908,0.40876097,0.15230439,0.00000000,0.18670556,-0.00191994,0.11222750,6,2,0.99999885,5,0.00002606
2024-07-02,0.30029553,0.40876096,0.10423796,0.00000000,0.18670554,0.00313413,0.11536163,6,1,0.84487880,5,0.04806645
2024-07-03,0.28715186,0.40876096,0.11738164,0.00000000,0.18670554,0.00471617,0.12007780,6,0,1.00000000,5,0.01314368
2024-07-05,0.28711714,0.40877274,0.11739393,0.00000021,0.18671598,0.00475119,0.12482900,6,0,0.99996457,5,0.00003472
2024-07-08,0.28708928,0.40878225,0.11740382,0.00000020,0.18672444,-0.00072017,0.12410883,6,0,0.99998265,5,0.00002787
2024-07-09,0.28706755,0.40878969,0.11741151,0.00000017,0.18673108,0.00010495,0.12421378,6,0,1.00000000,5,0.00002177
2024-07-10,0.28708621,0.40878339,0.11740463,0.00000000,0.18672576,0.00354224,0.12775601,6,2,0.99998251,5,0.00001866
2024-07-11,0.40449424,0.40878098,0.00000000,0.00000013,0.18672466,-0.00193369,0.12582232,6,1,0.99992860,5,0.11740815
2024-07-12,0.51897203,0.38033310,0.00000029,0.04962730,0.05106728,0.00305456,0.12887689,6,3,0.98944990,5,0.16410526
2024-07-15,0.53027769,0.37029756,0.00000008,0.04962721,0.04979746,0.00033106,0.12920794,6,3,0.99050168,5,0.01130565
2024-07-16,0.27446101,0.37030018,0.17868953,0.00000028,0.17654900,0.00691315,0.13612109,6,0,1.00000000,5,0.30544360
2024-07-17,0.27443229,0.37031003,0.17869961,0.00000023,0.17655784,-0.00516969,0.13095140,6,0,0.99998240,5,0.00002877
2024-07-18,0.45313624,0.37030857,0.00000000,0.00000000,0.17655519,-0.00380770,0.12714370,6,4,0.99994458,5,0.17870395
2024-07-19,0.45314453,0.37030032,0.00000000,0.00000727,0.17654788,-0.00392925,0.12321445,6,2,0.99985230,5,0.00001556
2024-07-22,0.29633356,0.38039786,0.13568608,0.00000057,0.18758193,0.00273132,0.12594577,6,0,1.00000000,5,0.15681768
2024-07-23,0.43202235,0.38039627,0.00000000,0.00000024,0.18758115,-0.00006650,0.12587926,6,1,0.99998715,5,0.13568879
2024-07-24,0.43203036,0.38038837,0.00000000,0.00000714,0.18757413,-0.01102945,0.11484982,6,2,0.99999814,5,0.00001491
2024-07-25,0.43203964,0.38038265,0.00000000,0.00000865,0.18756906,-0.00138174,0.11346807,6,2,0.99877055,5,0.00001079
2024-07-26,0.30148007,0.38051708,0.13043393,0.00000069,0.18756822,0.00636841,0.11983648,6,0,0.99989038,5,0.13056836
2024-07-29,0.30147483,0.38051907,0.13043601,0.00000010,0.18756998,0.00122189,0.12105837,6,0,1.00000000,5,0.00000583
2024-07-30,0.30145815,0.38052478,0.13044197,0.00000013,0.18757497,0.00072566,0.12178403,6,0,1.00000000,5,0.00001668
2024-07-31,0.30147455,0.38051924,0.13043586,0.00000000,0.18757034,0.00880743,0.13059146,6,2,0.99999783,5,0.00001640
2024-08-01,0.30148943,0.38051418,0.13043028,0.00000000,0.18756611,-0.00233441,0.12825705,6,2,0.99967248,5,0.00001487
2024-08-02,0.29550855,0.38649613,0.13043018,0.00000000,0.18756513,-0.00168450,0.12657255,6,0,1.00000000,5,0.00598195
2024-08-05,0.29547835,0.38650639,0.13044098,0.00000023,0.18757405,-0.01131455,0.11525800,6,0,0.98672774,5,0.00003020
2024-08-06,0.29544914,0.38651640,0.13045148,0.00000023,0.18758275,-0.00086570,0.11439229,6,0,1.00000000,5,0.00002921
2024-08-07,0.29541860,0.38652690,0.13046246,0.00000022,0.18759181,-0.00338655,0.11100574,6,0,1.00000000,5,0.00003054
2024-08-08,0.29539093,0.38653640,0.13047242,0.00000022,0.18760004,0.00786025,0.11886599,6,0,0.99999963,5,0.00002768
2024-08-09,0.29535757,0.38654784,0.13048444,0.00000025,0.18760989,0.00306251,0.12192850,6,0,0.99993883,5,0.00003335
2024-08-12,0.29532504,0.38655902,0.13049614,0.00000025,0.18761955,0.00330929,0.12523779,6,0,0.98916021,5,0.00003254
2024-08-13,0.29527574,0.38657590,0.13051389,0.00000039,0.18763409,0.00545653,0.13069432,6,0,0.94754238,5,0.00004930
2024-08-14,0.28523042,0.39662104,0.13051419,0.00000003,0.18763432,0.00074691,0.13144123,6,0,0.99930768,5,0.01004567
2024-08-15,0.27988774,0.40196382,0.13051426,0.00000000,0.18763417,0.00302387,0.13446509,6,0,1.00000000,5,0.00534286
2024-08-16,0.27522291,0.40662865,0.13051436,0.00000000,0.18763408,0.00331111,0.13777620,6,0,1.00000000,5,0.00466493
2024-08-19,0.27174678,0.41010451,0.13051453,0.00000000,0.18763418,0.00197082,0.13974702,6,0,1.00000000,5,0.00347613
2024-08-20,0.28171156,0.41010399,0.12055089,0.00000008,0.18763348,0.00085904,0.14060607,6,2,0.99984043,5,0.00996486
2024-08-21,0.28171157,0.41010416,0.12055088,0.00000001,0.18763337,0.00127001,0.14187607,6,2,0.75077808,5,0.00000018
2024-08-22,0.26257069,0.42924412,0.12055095,0.00000000,0.18763424,-0.00492129,0.13695479,6,0,1.00000000,5,0.01914089
2024-08-23,0.26257069,0.42924412,0.12055095,0.00000000,0.18763424,0.00475900,0.14171378,6,2,0.98946090,5,0.00000000
2024-08-26,0.26938310,0.42924326,0.11374043,0.00000013,0.18763309,-0.00061359,0.14110019,6,2,0.99944746,5,0.00681254
2024-08-27,0.27927804,0.42922864,0.10387737,0.00000231,0.18761364,-0.00005353,0.14104666,6,2,0.99898560,5,0.00989712
2024-08-28,0.27933061,0.42921114,0.10385837,0.00000000,0.18759987,-0.00155490,0.13949176,6,2,0.99970031,5,0.00005257
2024-08-29,0.51030603,0.26844238,0.10385779,0.03281617,0.08457763,0.00090487,0.14039663,6,3,0.99999678,5,0.26379159
2024-08-30,0.28001094,0.53155509,0.10385673,0.00000000,0.08457724,0.00045036,0.14084699,6,0,1.00000000,5,0.26311271
2024-09-03,0.28000569,0.53155688,0.10385862,0.00000004,0.08457877,-0.00279395,0.13805304,6,0,0.99999972,5,0.00000525
2024-09-04,0.32336371,0.53156181,0.06048917,0.00000068,0.08458463,0.00220006,0.14025309,6,4,0.84942927,5,0.04336945
2024-09-05,0.32340259,0.53154876,0.06047464,0.00000000,0.08457401,0.00065040,0.14090349,6,2,0.99982006,5,0.00003888
2024-09-06,0.32159455,0.53154876,0.06228268,0.00000000,0.08457401,-0.00518472,0.13571877,6,0,1.00000000,5,0.00180804
2024-09-09,0.32158736,0.53155121,0.06228525,0.00000006,0.08457612,0.00507928,0.14079806,6,0,1.00000000,5,0.00000719
2024-09-10,0.32162594,0.53153801,0.06227063,0.00000000,0.08456542,0.00400060,0.14479866,6,2,0.99940082,5,0.00003858
2024-09-11,0.32162596,0.53153834,0.06227053,0.00000000,0.08456517,0.00302613,0.14782479,6,0,1.00000000,5,0.00000035
2024-09-12,0.32162598,0.53153862,0.06227044,0.00000000,0.08456495,0.00226623,0.15009102,6,0,1.00000000,5,0.00000030
2024-09-13,0.32166419,0.53152552,0.06225593,0.00000000,0.08455436,0.00325313,0.15334415,6,2,0.99926189,5,0.00003821
2024-09-16,0.49865320,0.31772186,0.06225601,0.03851713,0.08285180,0.00175967,0.15510382,6,3,0.99992325,5,0.21550622
2024-09-17,0.49865320,0.31772192,0.06225599,0.03851713,0.08285176,-0.00007197,0.15503185,6,3,0.99990690,5,0.00000007
2024-09-18,0.39186320,0.46210322,0.06318182,0.00000000,0.08285176,-0.00354990,0.15148195,6,0,0.99678118,5,0.14530713
2024-09-19,0.39185572,0.46210579,0.06318450,0.00000006,0.08285393,0.00684251,0.15832446,6,0,1.00000000,5,0.00000748
2024-09-20,0.39184899,0.46210813,0.06318693,0.00000006,0.08285590,0.00004330,0.15836776,6,0,0.99903034,5,0.00000674
2024-09-23,0.49828786,0.33311561,0.06318734,0.02255316,0.08285603,0.00122679,0.15959455,6,3,0.99999172,5,0.12899252
2024-09-24,0.39926886,0.44181034,0.07606479,0.00000006,0.08285595,0.00207862,0.16167317,6,0,1.00000000,5,0.12157219
2024-09-25,0.39929710,0.44180074,0.07605403,0.00000000,0.08284814,-0.00208758,0.15958558,6,2,0.99918083,5,0.00002824
2024-09-26,0.39613432,0.44180074,0.07921681,0.00000000,0.08284814,0.00130050,0.16088608,6,0,1.00000000,5,0.00316278
2024-09-27,0.49541600,0.32988575,0.07921761,0.01263225,0.08284839,0.00025680,0.16114288,6,3,0.99898498,5,0.11191499
2024-09-30,0.49541536,0.32988830,0.07921856,0.01262649,0.08285129,0.00081271,0.16195559,6,2,0.98866030,5,0.00000640
2024-10-01,0.37765888,0.44072382,0.09876609,0.00000000,0.08285121,-0.00055419,0.16140140,6,0,1.00000000,5,0.13038306
2024-10-02,0.37766018,0.44072320,0.09876558,0.00000000,0.08285103,-0.00083570,0.16056571,6,0,0.99999805,5,0.00000130
2024-10-03,0.37764807,0.44072733,0.09876994,0.00000011,0.08285454,-0.00269843,0.15786728,6,0,0.99998758,5,0.00001211
2024-10-04,0.37764731,0.44072763,0.09877025,0.00000001,0.08285479,-0.00063483,0.15723245,6,0,0.99995562,5,0.00000085
2024-10-07,0.37761224,0.44073941,0.09878316,0.00000008,0.08286512,-0.00551649,0.15171596,6,0,1.00000000,5,0.00003508
2024-10-08,0.37761225,0.44073942,0.09878317,0.00000002,0.08286514,0.00327696,0.15499292,6,2,0.93760383,5,0.00000006
2024-10-09,0.37760745,0.44074107,0.09878488,0.00000003,0.08286656,0.00085922,0.15585214,6,0,1.00000000,5,0.00000480
2024-10-10,0.37760749,0.44074112,0.09878482,0.00000000,0.08286657,-0.00013453,0.15571761,6,0,1.00000000,5,0.00000010
2024-10-11,0.37760490,0.44074201,0.09878574,0.00000002,0.08286734,0.00354608,0.15926369,6,0,0.99804403,5,0.00000260
2024-10-14,0.37561350,0.44074275,0.10077636,0.00000016,0.08286723,0.00219566,0.16145934,6,0,0.99779089,5,0.00199150
2024-10-15,0.37517338,0.44074215,0.10121816,0.00000000,0.08286631,-0.00020700,0.16125234,6,0,1.00000000,5,0.00044180
2024-10-16,0.37517340,0.44074219,0.10121809,0.00000000,0.08286631,0.00317207,0.16442442,6,0,1.00000000,5,0.00000007
2024-10-17,0.37517328,0.44074193,0.10121844,0.00000000,0.08286636,-0.00149700,0.16292742,6,0,0.99999994,5,0.00000039
2024-10-18,0.37517310,0.44074182,0.10121890,0.00000000,0.08286618,0.00283376,0.16576118,6,0,1.00000000,5,0.00000047
2024-10-21,0.37517290,0.44074201,0.10121881,0.00000000,0.08286627,-0.00374708,0.16201410,6,0,1.00000000,5,0.00000028
2024-10-22,0.37515696,0.44073129,0.10126055,0.00000000,0.08285120,0.00057655,0.16259066,6,0,0.99999594,5,0.00004174
2024-10-23,0.37515440,0.44072960,0.10126726,0.00000000,0.08284874,-0.00542911,0.15716154,6,0,0.99999933,5,0.00000671
2024-10-24,0.37515128,0.44072751,0.10127548,0.00000000,0.08284572,0.00224284,0.15940438,6,0,1.00000000,5,0.00000822
2024-10-25,0.37514991,0.44072659,0.10127911,0.00000000,0.08284439,-0.00059508,0.15880930,6,0,1.00000000,5,0.00000363
2024-10-28,0.37514631,0.44072408,0.10128870,0.00000000,0.08284091,-0.00002560,0.15878370,6,0,0.99999997,5,0.00000959
2024-10-29,0.37513414,0.44071620,0.10132083,0.00000000,0.08282883,0.00191735,0.16070105,6,0,0.99999999,5,0.00003213
2024-10-30,0.37513226,0.44071494,0.10132580,0.00000000,0.08282700,-0.00153380,0.15916724,6,0,1.00000000,5,0.00000497
2024-10-31,0.37513054,0.44071438,0.10133020,0.00000000,0.08282489,-0.00892087,0.15024637,6,0,1.00000000,5,0.00000440
2024-11-01,0.37511450,0.44070482,0.10137219,0.00000000,0.08280849,-0.00116262,0.14908376,6,0,1.00000000,5,0.00004199
2024-11-04,0.37509493,0.44069306,0.10142334,0.00000000,0.08278866,0.00112320,0.15020695,6,0,1.00000000,5,0.00005115
2024-11-05,0.37507584,0.44068140,0.10147345,0.00000000,0.08276930,0.00469417,0.15490113,6,0,1.00000000,5,0.00005011
2024-11-06,0.37506781,0.44067701,0.10149400,0.00000000,0.08276118,0.00300394,0.15790507,6,0,1.00000000,5,0.00002055
2024-11-07,0.37506590,0.44067635,0.10149865,0.00000000,0.08275911,0.00725111,0.16515618,6,0,1.00000000,5,0.00000465
2024-11-08,0.37505703,0.44067176,0.10152085,0.00000000,0.08275036,0.00221594,0.16737212,6,0,0.99902846,5,0.00002220
2024-11-11,0.37504923,0.44066772,0.10154043,0.00000000,0.08274262,-0.00279117,0.16458095,6,0,0.99999999,5,0.00001958
2024-11-12,0.37504991,0.44066806,0.10153901,0.00000000,0.08274303,-0.00438166,0.16019929,6,0,1.00000000,5,0.00000142
2024-11-13,0.37504870,0.44066731,0.10154209,0.00000000,0.08274190,-0.00075473,0.15944456,6,0,0.99892627,5,0.00000308
2024-11-14,0.37504871,0.44066739,0.10154203,0.00000000,0.08274187,-0.00225797,0.15718659,6,0,0.86855251,5,0.00000009
2024-11-15,0.37504873,0.44066751,0.10154196,0.00000000,0.08274180,-0.00505864,0.15212795,6,0,0.99992216,5,0.00000014
2024-11-18,0.44423917,0.37462137,0.10154167,0.00000000,0.07959779,0.00409447,0.15622242,6,3,0.99997650,5,0.06919045
2024-11-19,0.44423920,0.37462148,0.10154163,0.00000000,0.07959769,0.00343664,0.15965906,6,3,0.99986274,5,0.00000013
2024-11-20,0.43526232,0.37462146,0.11051851,0.00000000,0.07959771,0.00046829,0.16012735,6,0,1.00000000,5,0.00897690
2024-11-21,0.43526233,0.37462160,0.11051843,0.00000000,0.07959764,0.00330025,0.16342760,6,0,1.00000000,5,0.00000015
2024-11-22,0.43526234,0.37462170,0.11051837,0.00000000,0.07959759,0.00358380,0.16701141,6,0,1.00000000,5,0.00000011
2024-11-25,0.43526237,0.37462180,0.11051833,0.00000000,0.07959750,0.00147571,0.16848711,6,3,0.99803932,5,0.00000013
2024-11-26,0.43526239,0.37462194,0.11051824,0.00000000,0.07959743,0.00201038,0.17049750,6,0,0.99999749,5,0.00000016
2024-11-27,0.43526240,0.37462205,0.11051817,0.00000000,0.07959738,-0.00059663,0.16990087,6,0,1.00000000,5,0.00000013
2024-11-29,0.43526242,0.37462213,0.11051810,0.00000000,0.07959734,0.00482750,0.17472836,6,0,1.00000000,5,0.00000010
2024-12-02,0.43526244,0.37462224,0.11051806,0.00000000,0.07959726,0.00053955,0.17526792,6,3,0.99996703,5,0.00000012
2024-12-03,0.43526245,0.37462229,0.11051801,0.00000000,0.07959725,-0.00067524,0.17459268,6,0,0.99999678,5,0.00000007
2024-12-04,0.43526247,0.37462232,0.11051797,0.00000000,0.07959725,0.00435676,0.17894944,6,0,1.00000000,5,0.00000004
2024-12-05,0.43526248,0.37462232,0.11051793,0.00000000,0.07959727,-0.00210015,0.17684929,6,0,1.00000000,5,0.00000003
2024-12-06,0.43526249,0.37462230,0.11051791,0.00000000,0.07959730,0.00252032,0.17936961,6,0,1.00000000,5,0.00000004
2024-12-09,0.43526250,0.37462228,0.11051789,0.00000000,0.07959733,-0.00275865,0.17661097,6,0,0.99988092,5,0.00000005
2024-12-10,0.43526251,0.37462224,0.11051788,0.00000000,0.07959737,-0.00033243,0.17627854,6,0,1.00000000,5,0.00000005
2024-12-11,0.43526854,0.37461893,0.11051484,0.00000329,0.07959441,0.00374451,0.18002305,6,3,0.99997646,5,0.00000932
2024-12-12,0.54578422,0.37461925,0.00000093,0.00000099,0.07959461,-0.00412928,0.17589376,6,1,0.99891840,5,0.11051621
2024-12-13,0.54579615,0.37460225,0.00000000,0.00001856,0.07958303,-0.00174297,0.17415079,6,2,0.99997079,5,0.00002951
2024-12-16,0.52793815,0.37460201,0.01787522,0.00000167,0.07958295,0.00203343,0.17618422,6,0,1.00000000,5,0.01787522
2024-12-17,0.52793854,0.37460212,0.01787564,0.00000016,0.07958354,-0.00203366,0.17415056,6,0,1.00000000,5,0.00000150
2024-12-18,0.52793859,0.37460208,0.01787567,0.00000001,0.07958366,-0.01814176,0.15600880,6,0,1.00000000,5,0.00000019
2024-12-19,0.52793860,0.37460199,0.01787566,0.00000000,0.07958374,-0.00197683,0.15403197,6,0,1.00000000,5,0.00000010
2024-12-20,0.52793861,0.37460190,0.01787566,0.00000000,0.07958383,0.00688018,0.16091215,6,0,0.99990324,5,0.00000009
2024-12-23,0.52793862,0.37460181,0.01787566,0.00000000,0.07958391,0.00237804,0.16329019,6,0,1.00000000,5,0.00000009
2024-12-24,0.52793863,0.37460171,0.01787566,0.00000000,0.07958400,0.00625366,0.16954384,6,0,0.99302914,5,0.00000010
2024-12-26,0.52793893,0.37460153,0.01787531,0.00000025,0.07958399,0.00002757,0.16957141,6,2,0.99655952,5,0.00000055
2024-12-27,0.52793928,0.37460139,0.01787498,0.00000033,0.07958402,-0.00710351,0.16246790,6,2,0.99909337,5,0.00000046
2024-12-30,0.52793937,0.37460135,0.01787505,0.00000003,0.07958421,-0.00346559,0.15900230,6,0,1.00000000,5,0.00000034
2024-12-31,0.52793939,0.37460123,0.01787505,0.00000000,0.07958433,-0.00249168,0.15651063,6,0,1.00000000,5,0.00000014
2025-01-02,0.52793940,0.37460111,0.01787505,0.00000000,0.07958444,-0.00005813,0.15645249,6,0,1.00000000,5,0.00000013
2025-01-03,0.52793939,0.37460118,0.01787502,0.00000000,0.07958441,0.00561756,0.16207005,6,3,0.88490857,5,0.00000008
2025-01-06,0.52793763,0.37460178,0.01787567,0.00000001,0.07958490,0.00201557,0.16408562,6,0,0.99998949,5,0.00000176
2025-01-07,0.52792430,0.37460629,0.01788060,0.00000013,0.07958868,-0.00720638,0.15687924,6,0,1.00000000,5,0.00001333
2025-01-08,0.52792305,0.37460676,0.01788111,0.00000002,0.07958906,0.00186621,0.15874545,6,0,1.00000000,5,0.00000136
2025-01-10,0.52544762,0.37460210,0.02036970,0.00000000,0.07958058,-0.01030317,0.14844228,6,0,1.00000000,5,0.00248859
2025-01-13,0.49065403,0.37460207,0.05516333,0.00000001,0.07958057,-0.00019593,0.14824635,6,0,1.00000000,5,0.03479364
2025-01-14,0.49064703,0.37460444,0.05516589,0.00000007,0.07958257,0.00046607,0.14871242,6,0,1.00000000,5,0.00000699
2025-01-15,0.49065031,0.37460238,0.05516211,0.00000294,0.07958227,0.01310385,0.16181628,6,2,0.99992772,5,0.00000615
2025-01-16,0.46663768,0.37460386,0.07917684,0.00000023,0.07958138,0.00045161,0.16226788,6,0,0.99999907,5,0.02401622
2025-01-17,0.46275862,0.37460387,0.08305611,0.00000002,0.07958139,0.00473731,0.16700520,6,0,0.99718262,5,0.00387928
2025-01-21,0.46275865,0.37460385,0.08305607,0.00000000,0.07958144,0.00554611,0.17255131,6,0,0.99999992,5,0.00000008
2025-01-22,0.46275867,0.37460380,0.08305603,0.00000000,0.07958150,0.00242212,0.17497342,6,0,0.94068006,5,0.00000008
2025-01-23,0.46275869,0.37460377,0.08305599,0.00000000,0.07958155,0.00133483,0.17630825,6,0,1.00000000,5,0.00000007
2025-01-24,0.46276114,0.37460100,0.08305369,0.00000510,0.07957906,-0.00052678,0.17578147,6,3,0.99846421,5,0.00000755
2025-01-27,0.46274551,0.37459051,0.08310002,0.00000000,0.07956396,-0.00521608,0.17056539,6,0,1.00000000,5,0.00004633
2025-01-28,0.46274552,0.37459033,0.08310003,0.00000000,0.07956411,0.00532868,0.17589407,6,0,1.00000000,5,0.00000017
2025-01-29,0.46274551,0.37459042,0.08310000,0.00000000,0.07956407,-0.00277033,0.17312374,6,3,0.89248407,5,0.00000009
2025-01-30,0.46274853,0.37458862,0.08309642,0.00000249,0.07956393,0.00448880,0.17761254,6,2,0.99982984,5,0.00000552
2025-01-31,0.46274911,0.37458916,0.08309693,0.00000026,0.07956453,-0.00245664,0.17515591,6,0,1.00000000,5,0.00000223
2025-02-03,0.46274920,0.37458919,0.08309695,0.00000002,0.07956464,-0.00247572,0.17268019,6,0,0.99997825,5,0.00000024
2025-02-04,0.46274922,0.37458917,0.08309692,0.00000000,0.07956469,0.00434497,0.17702515,6,0,0.96790577,5,0.00000008
2025-02-05,0.46274925,0.37458918,0.08309687,0.00000000,0.07956470,0.00435231,0.18137747,6,0,0.99999698,5,0.00000005
2025-02-06,0.46276063,0.37458527,0.08309270,0.00000009,0.07956130,0.00096785,0.18234531,6,3,0.99972208,5,0.00001148
2025-02-07,0.44074870,0.37458579,0.10510595,0.00000000,0.07955956,-0.00489656,0.17744876,6,0,0.99693175,5,0.02201377
2025-02-10,0.44077102,0.37457828,0.10509718,0.00000000,0.07955352,0.00487659,0.18232535,6,2,0.99990191,5,0.00002232
2025-02-11,0.44077104,0.37457830,0.10509713,0.00000000,0.07955353,-0.00147139,0.18085396,6,0,1.00000000,5,0.00000006
2025-02-12,0.44077107,0.37457828,0.10509708,0.00000000,0.07955357,-0.00362824,0.17722572,6,0,1.00000000,5,0.00000006
2025-02-13,0.44077109,0.37457824,0.10509705,0.00000000,0.07955363,0.00774373,0.18496945,6,0,1.00000000,5,0.00000008
2025-02-14,0.44077110,0.37457819,0.10509702,0.00000000,0.07955369,-0.00025598,0.18471347,6,0,1.00000000,5,0.00000008
2025-02-18,0.44078935,0.37457193,0.10509018,0.00000000,0.07954854,0.00095395,0.18566741,6,3,0.99986630,5,0.00001825
2025-02-19,0.44078937,0.37457191,0.10509015,0.00000000,0.07954858,0.00179125,0.18745866,6,0,1.00000000,5,0.00000005
2025-02-20,0.44078938,0.37457186,0.10509013,0.00000000,0.07954863,-0.00172439,0.18573427,6,0,1.00000000,5,0.00000007
2025-02-21,0.44078940,0.37457180,0.10509011,0.00000000,0.07954869,-0.00520471,0.18052957,6,0,0.97751321,5,0.00000008
2025-02-24,0.44078941,0.37457175,0.10509009,0.00000000,0.07954875,-0.00077349,0.17975608,6,0,0.99821636,5,0.00000007
2025-02-25,0.44078943,0.37457170,0.10509007,0.00000000,0.07954880,-0.00082408,0.17893200,6,0,1.00000000,5,0.00000007
2025-02-26,0.44078944,0.37457165,0.10509005,0.00000000,0.07954886,0.00141232,0.18034432,6,0,1.00000000,5,0.00000007
2025-02-27,0.44080898,0.37456495,0.10508273,0.00000000,0.07954334,-0.00852457,0.17181975,6,3,0.96982733,5,0.00001954
2025-02-28,0.44080899,0.37456488,0.10508272,0.00000000,0.07954340,0.00867488,0.18049462,6,0,1.00000000,5,0.00000008
2025-03-03,0.44080900,0.37456482,0.10508271,0.00000000,0.07954347,-0.00585417,0.17464045,6,0,0.99999228,5,0.00000007
2025-03-04,0.44080901,0.37456475,0.10508270,0.00000000,0.07954353,-0.00640993,0.16823052,6,0,1.00000000,5,0.00000007
2025-03-05,0.44080902,0.37456469,0.10508270,0.00000000,0.07954360,0.00204603,0.17027654,6,0,0.99998835,5,0.00000007
2025-03-06,0.44080903,0.37456461,0.10508268,0.00000000,0.07954367,-0.00871493,0.16156161,6,0,1.00000000,5,0.00000009
2025-03-07,0.44080905,0.37456451,0.10508266,0.00000000,0.07954377,0.00175398,0.16331559,6,0,0.99992974,5,0.00000012
2025-03-10,0.44080908,0.37456443,0.10508263,0.00000000,0.07954386,-0.01031147,0.15300412,6,0,0.99993704,5,0.00000011
2025-03-11,0.44080910,0.37456434,0.10508260,0.00000000,0.07954396,-0.00391502,0.14908911,6,0,1.00000000,5,0.00000012
2025-03-12,0.44080835,0.37456460,0.10508287,0.00000000,0.07954417,0.00169270,0.15078181,6,0,1.00000000,5,0.00000075
2025-03-13,0.44075605,0.37458227,0.10510194,0.00000049,0.07955925,-0.00253093,0.14825087,6,0,1.00000000,5,0.00005230
2025-03-14,0.43769265,0.37458226,0.10816579,0.00000004,0.07955925,0.00786346,0.15611434,6,0,0.99999999,5,0.00306386
2025-03-17,0.43769141,0.37458270,0.10816626,0.00000001,0.07955962,0.00339160,0.15950593,6,0,1.00000000,5,0.00000127
2025-03-18,0.43450583,0.37458384,0.11134439,0.00000000,0.07956595,-0.00298266,0.15652327,6,0,0.99999997,5,0.00318559
2025-03-19,0.43450296,0.37458483,0.11134543,0.00000002,0.07956677,0.00646578,0.16298906,6,0,1.00000000,5,0.00000287
2025-03-20,0.43450084,0.37458557,0.11134621,0.00000001,0.07956737,-0.00031686,0.16267220,6,0,1.00000000,5,0.00000212
2025-03-21,0.42878655,0.37458557,0.11706051,0.00000000,0.07956737,-0.00065622,0.16201598,6,0,0.99999901,5,0.00571431
2025-03-24,0.41822120,0.38515266,0.11705936,0.00000000,0.07956678,0.00469692,0.16671290,6,0,0.99999380,5,0.01056709
2025-03-25,0.39996491,0.40340909,0.11705906,0.00000000,0.07956694,0.00174207,0.16845497,6,0,0.99999676,5,0.01825658
2025-03-26,0.39991776,0.40342507,0.11707634,0.00000028,0.07958055,-0.00516075,0.16329422,6,0,0.80265580,5,0.00004715
2025-03-27,0.32946613,0.47386640,0.11708206,0.00000029,0.07958512,-0.00018429,0.16310993,6,0,1.00000000,5,0.07045164
2025-03-28,0.32690206,0.47643024,0.11708207,0.00000003,0.07958560,-0.00196841,0.16114152,6,0,1.00000000,5,0.00256434
2025-03-31,0.32685960,0.47644462,0.11709758,0.00000038,0.07959781,0.00495981,0.16610133,6,0,1.00000000,5,0.00004246
2025-04-01,0.32684259,0.47645057,0.11710395,0.00000015,0.07960274,0.00275635,0.16885767,6,0,0.99999737,5,0.00001724
2025-04-02,0.32683196,0.47645426,0.11710789,0.00000009,0.07960580,0.00164681,0.17050448,6,0,1.00000000,5,0.00001069
2025-04-03,0.32682552,0.47645648,0.11711027,0.00000006,0.07960767,-0.01345916,0.15704532,6,0,1.00000000,5,0.00000647
2025-04-04,0.32679414,0.47646722,0.11712176,0.00000024,0.07961664,-0.02069356,0.13635176,6,0,1.00000000,5,0.00003139
2025-04-07,0.32677471,0.47647388,0.11712894,0.00000020,0.07962227,-0.00867804,0.12767372,6,0,1.00000000,5,0.00001947
2025-04-08,0.31344872,0.48877885,0.11815016,0.00000002,0.07962226,-0.00714970,0.12052402,6,0,1.00000000,5,0.01332618
2025-04-09,0.26389055,0.53833653,0.11815036,0.00000000,0.07962256,0.02668666,0.14721068,6,0,1.00000000,5,0.04955818
2025-04-10,0.21066096,0.54431232,0.11815028,0.00000000,0.12687645,-0.01064690,0.13656378,6,0,1.00000000,5,0.05322968
2025-04-11,0.17962517,0.54431239,0.11815054,0.00000001,0.15791188,0.00094649,0.13751026,6,0,1.00000000,5,0.03103579
2025-04-14,0.17699505,0.54693802,0.11815126,0.00000000,0.15791568,0.00457517,0.14208543,6,0,1.00000000,5,0.00263013
2025-04-15,0.15532701,0.54693788,0.12334600,0.00000000,0.17438911,0.00295078,0.14503621,6,0,1.00000000,5,0.02166817
2025-04-16,0.09475458,0.54693791,0.13561933,0.00000000,0.22268818,0.00269264,0.14772885,6,0,1.00000000,5,0.06057243
2025-04-17,0.09470653,0.54695432,0.13563600,0.00000026,0.22270289,-0.00186560,0.14586326,6,0,1.00000000,5,0.00004805
2025-04-21,0.07359685,0.54695684,0.13563455,0.00000019,0.24381156,-0.00291019,0.14295307,6,0,1.00000000,5,0.02111119
2025-04-22,0.06906585,0.54696025,0.13581131,0.00000017,0.24816243,0.00155083,0.14450390,6,0,1.00000000,5,0.00453103
2025-04-23,0.04411575,0.54696021,0.13900141,0.00000001,0.26992262,0.00040584,0.14490974,6,0,1.00000000,5,0.02495029
2025-04-24,0.04406542,0.54697745,0.13901872,0.00000031,0.26993810,0.00465874,0.14956847,6,0,1.00000000,5,0.00005033
2025-04-25,0.04402808,0.54699033,0.13903168,0.00000026,0.26994965,0.00157072,0.15113919,6,0,1.00000000,5,0.00003738
2025-04-28,0.04400035,0.54699991,0.13904132,0.00000020,0.26995822,0.00249258,0.15363177,6,0,1.00000000,5,0.00002780
2025-04-29,0.04266434,0.54699991,0.13904131,0.00000002,0.27129441,0.00166674,0.15529851,6,0,1.00000000,5,0.00133619
2025-04-30,0.04241069,0.54699999,0.13929493,0.00000001,0.27129439,0.00086285,0.15616136,6,0,1.00000000,5,0.00025369
2025-05-01,0.02901100,0.54698129,0.14405828,0.00000000,0.27994944,-0.00359958,0.15256178,6,0,1.00000000,5,0.01341840
2025-05-02,0.02900134,0.54698459,0.14406159,0.00000007,0.27995241,-0.00341498,0.14914680,6,0,1.00000000,5,0.00000966
2025-05-05,0.02324554,0.54698444,0.14406177,0.00000000,0.28570825,0.00258872,0.15173552,6,0,1.00000000,5,0.00575602
2025-05-06,0.02324552,0.54698426,0.14406178,0.00000000,0.28570844,0.00341623,0.15515175,6,0,1.00000000,5,0.00000020
2025-05-07,0.01808405,0.54698494,0.14405958,0.00000002,0.29087141,0.00146552,0.15661727,6,0,1.00000000,5,0.00516367
2025-05-08,0.01808411,0.54698499,0.14405950,0.00000000,0.29087140,-0.00461560,0.15200167,6,0,1.00000000,5,0.00000010
2025-05-09,0.01809488,0.54698854,0.14404793,0.00000000,0.29086865,0.00059428,0.15259595,6,0,1.00000000,5,0.00001433
2025-05-12,0.01809487,0.54698856,0.14404795,0.00000000,0.29086861,-0.00295638,0.14963957,6,0,1.00000000,5,0.00000004
2025-05-13,0.01809487,0.54698860,0.14404793,0.00000000,0.29086859,-0.00216523,0.14747433,6,0,1.00000000,5,0.00000004
2025-05-14,0.01809484,0.54698871,0.14404791,0.00000000,0.29086853,-0.00446467,0.14300966,6,0,1.00000000,5,0.00000010
2025-05-15,0.01809478,0.54698882,0.14404792,0.00000000,0.29086848,0.00518794,0.14819761,6,0,1.00000000,5,0.00000012
2025-05-16,0.01809470,0.54698893,0.14404793,0.00000000,0.29086844,-0.00061499,0.14758262,6,0,1.00000000,5,0.00000012
2025-05-19,0.01809462,0.54698905,0.14404794,0.00000000,0.29086839,-0.00042069,0.14716194,6,0,1.00000000,5,0.00000013
2025-05-20,0.01809457,0.54698912,0.14404795,0.00000000,0.29086836,0.00104662,0.14820856,6,0,1.00000000,5,0.00000007
2025-05-21,0.01809451,0.54698919,0.14404796,0.00000000,0.29086834,-0.00430593,0.14390263,6,0,1.00000000,5,0.00000008
2025-05-22,0.01809448,0.54698927,0.14404795,0.00000000,0.29086829,0.00160645,0.14550908,6,0,1.00000000,5,0.00000008
2025-05-23,0.01809439,0.54698937,0.14404797,0.00000000,0.29086826,0.00245921,0.14796829,6,0,1.00000000,5,0.00000012
2025-05-27,0.01809423,0.54698955,0.14404801,0.00000000,0.29086820,0.00176401,0.14973230,6,0,1.00000000,5,0.00000022
2025-05-28,0.01809387,0.54698979,0.14404814,0.00000000,0.29086820,-0.00099061,0.14874169,6,0,1.00000000,5,0.00000037
2025-05-29,0.01809328,0.54699009,0.14404837,0.00000000,0.29086825,0.00160585,0.15034754,6,0,0.99999980,5,0.00000059
2025-05-30,0.01809046,0.54699117,0.14404958,0.00000000,0.29086880,0.00056412,0.15091166,6,0,1.00000000,5,0.00000282
2025-06-02,0.01809980,0.54698752,0.14404560,0.00000042,0.29086666,-0.00002747,0.15088419,6,0,1.00000000,5,0.00000976
2025-06-03,0.01810965,0.54698374,0.14404174,0.00000047,0.29086439,0.00021351,0.15109770,6,0,1.00000000,5,0.00000990
2025-06-04,0.01810980,0.54698375,0.14404207,0.00000005,0.29086433,0.00365825,0.15475596,6,0,1.00000000,5,0.00000049
2025-06-05,0.01811556,0.54698147,0.14403976,0.00000027,0.29086294,-0.00266045,0.15209551,6,0,1.00000000,5,0.00000598
2025-06-06,0.01812253,0.54697875,0.14403709,0.00000034,0.29086128,-0.00464198,0.14745353,6,0,1.00000000,5,0.00000704
2025-06-09,0.01812112,0.54697939,0.14403791,0.00000000,0.29086159,0.00094524,0.14839876,6,0,1.00000000,5,0.00000176
2025-06-10,0.01811912,0.54698009,0.14403895,0.00000000,0.29086185,0.00139337,0.14979213,6,0,1.00000000,5,0.00000200
2025-06-11,0.01811987,0.54697968,0.14403894,0.00000005,0.29086146,0.00193282,0.15172496,6,0,1.00000000,5,0.00000081
2025-06-12,0.01812235,0.54697862,0.14403815,0.00000013,0.29086074,0.00208323,0.15380819,6,0,1.00000000,5,0.00000256
2025-06-13,0.01812097,0.54697908,0.14403913,0.00000000,0.29086082,0.00039253,0.15420072,6,0,1.00000000,5,0.00000151
2025-06-16,0.01811796,0.54698007,0.14404087,0.00000000,0.29086110,-0.00314680,0.15105391,6,0,1.00000000,5,0.00000302
2025-06-17,0.01810987,0.54698298,0.14404469,0.00000000,0.29086246,0.00451015,0.15556406,6,0,1.00000000,5,0.00000809
2025-06-18,0.01810348,0.54698524,0.14404780,0.00000000,0.29086348,0.00009446,0.15565852,6,0,1.00000000,5,0.00000639
2025-06-20,0.01810960,0.54698281,0.14404512,0.00000027,0.29086220,-0.00007118,0.15558735,6,0,1.00000000,5,0.00000639
2025-06-23,0.01811577,0.54698040,0.14404268,0.00000028,0.29086087,0.00134847,0.15693582,6,0,1.00000000,5,0.00000618
2025-06-24,0.01812077,0.54697853,0.14404049,0.00000023,0.29085998,-0.00167965,0.15525617,6,0,1.00000000,5,0.00000500
2025-06-25,0.01812605,0.54697651,0.14403825,0.00000024,0.29085895,-0.00008445,0.15517172,6,0,1.00000000,5,0.00000529
2025-06-26,0.01813122,0.54697457,0.14403590,0.00000025,0.29085807,0.00074937,0.15592109,6,0,1.00000000,5,0.00000517
2025-06-27,0.01813372,0.54697337,0.14403501,0.00000024,0.29085765,-0.00343297,0.15248812,6,0,1.00000000,5,0.00000251
2025-06-30,0.01813290,0.54697368,0.14403575,0.00000000,0.29085768,0.00247305,0.15496117,6,0,1.00000000,5,0.00000107
2025-07-01,0.01813624,0.54697233,0.14403433,0.00000015,0.29085695,0.00013605,0.15509722,6,0,1.00000000,5,0.00000350
2025-07-02,0.01813881,0.54697140,0.14403307,0.00000013,0.29085659,-0.00048608,0.15461114,6,0,1.00000000,5,0.00000257
2025-07-03,0.01814187,0.54697027,0.14403157,0.00000014,0.29085614,-0.00133208,0.15327906,6,0,1.00000000,5,0.00000308
2025-07-07,0.01814455,0.54696930,0.14403027,0.00000013,0.29085575,-0.00080118,0.15247788,6,0,1.00000000,5,0.00000267
2025-07-08,0.01814757,0.54696819,0.14402880,0.00000015,0.29085530,-0.00212143,0.15035645,6,0,1.00000000,5,0.00000303
2025-07-09,0.01815034,0.54696717,0.14402743,0.00000014,0.29085492,0.00358631,0.15394276,6,0,1.00000000,5,0.00000278
2025-07-10,0.01815283,0.54696626,0.14402622,0.00000013,0.29085457,0.00061784,0.15456060,6,0,0.99674591,5,0.00000248
2025-07-11,0.01815298,0.54696604,0.14402623,0.00000002,0.29085473,-0.00037317,0.15418744,6,0,0.75607357,5,0.00000032
2025-07-14,0.01815496,0.54696529,0.14402519,0.00000010,0.29085446,0.00001305,0.15420049,6,0,0.99293962,5,0.00000206
2025-07-15,0.01815648,0.54696474,0.14402442,0.00000008,0.29085428,-0.00122818,0.15297231,6,0,1.00000000,5,0.00000152
2025-07-16,0.01815779,0.54696425,0.14402375,0.00000007,0.29085414,0.00122477,0.15419707,6,0,1.00000000,5,0.00000130
2025-07-17,0.01815886,0.54696384,0.14402320,0.00000006,0.29085404,0.00088353,0.15508061,6,0,1.00000000,5,0.00000108
2025-07-18,0.01815953,0.54696356,0.14402286,0.00000004,0.29085400,0.00145702,0.15653762,6,0,1.00000000,5,0.00000067
2025-07-21,0.01815904,0.54696122,0.14402392,0.00000000,0.29085582,0.00221528,0.15875290,6,0,0.99988277,5,0.00000288
2025-07-22,0.01815930,0.54696103,0.14402380,0.00000002,0.29085586,0.00142924,0.16018215,6,0,1.00000000,5,0.00000031
2025-07-23,0.26873562,0.39412903,0.12381791,0.00000005,0.21331739,-0.00118208,0.15900007,6,3,0.99996650,5,0.25057636
2025-07-24,0.25950179,0.40336303,0.12381802,0.00000000,0.21331715,-0.00062470,0.15837536,6,0,1.00000000,5,0.00923411
2025-07-25,0.25950174,0.40336344,0.12381797,0.00000000,0.21331685,0.00128769,0.15966306,6,0,1.00000000,5,0.00000042
2025-07-28,0.25950173,0.40336382,0.12381789,0.00000000,0.21331657,0.00076492,0.16042797,6,0,1.00000000,5,0.00000038
2025-07-29,0.28650544,0.40336232,0.09681740,0.00000026,0.21331458,0.00259607,0.16302404,6,2,0.99245987,5,0.02700397
2025-07-30,0.28649495,0.40336596,0.09682123,0.00000009,0.21331777,-0.00136783,0.16165621,6,0,1.00000000,5,0.00001066
2025-07-31,0.28649069,0.40336743,0.09682278,0.00000003,0.21331906,0.00038027,0.16203648,6,0,1.00000000,5,0.00000431
2025-08-01,0.28649073,0.40336791,0.09682265,0.00000001,0.21331870,-0.00059364,0.16144284,6,0,1.00000000,5,0.00000052
2025-08-04,0.28649076,0.40336832,0.09682252,0.00000000,0.21331839,0.00522369,0.16666653,6,0,1.00000000,5,0.00000044
2025-08-05,0.28649079,0.40336868,0.09682239,0.00000000,0.21331814,-0.00161212,0.16505441,6,0,1.00000000,5,0.00000038
2025-08-06,0.28649082,0.40336899,0.09682227,0.00000000,0.21331791,0.00033598,0.16539039,6,0,1.00000000,5,0.00000035
2025-08-07,0.28649085,0.40336928,0.09682216,0.00000000,0.21331771,0.00013399,0.16552438,6,0,1.00000000,5,0.00000031
2025-08-08,0.28649089,0.40336954,0.09682204,0.00000000,0.21331753,0.00166415,0.16718853,6,0,1.00000000,5,0.00000030
2025-08-11,0.28649092,0.40336974,0.09682194,0.00000000,0.21331740,-0.00113964,0.16604889,6,0,1.00000000,5,0.00000023
2025-08-12,0.28649095,0.40336989,0.09682185,0.00000000,0.21331731,0.00197239,0.16802128,6,0,1.00000000,5,0.00000018
2025-08-13,0.28649098,0.40337000,0.09682178,0.00000000,0.21331725,0.00210826,0.17012953,6,0,1.00000000,5,0.00000014
2025-08-14,0.28649100,0.40337008,0.09682172,0.00000000,0.21331721,-0.00105808,0.16907145,6,0,1.00000000,5,0.00000010
2025-08-15,0.28649101,0.40337012,0.09682167,0.00000000,0.21331719,-0.00227961,0.16679185,6,0,1.00000000,5,0.00000006
2025-08-18,0.28649103,0.40337013,0.09682164,0.00000000,0.21331720,-0.00001609,0.16677576,6,0,1.00000000,5,0.00000003
2025-08-19,0.28649104,0.40337012,0.09682162,0.00000000,0.21331722,-0.00065423,0.16612153,6,0,1.00000000,5,0.00000003
2025-08-20,0.28649105,0.40337010,0.09682160,0.00000000,0.21331725,0.00071392,0.16683544,6,0,0.99999329,5,0.00000004
2025-08-21,0.28649106,0.40337007,0.09682159,0.00000000,0.21331728,-0.00158533,0.16525011,6,0,1.00000000,5,0.00000004
2025-08-22,0.28649106,0.40337005,0.09682159,0.00000000,0.21331730,0.00549056,0.17074067,6,0,0.99999986,5,0.00000003
2025-08-25,0.38331461,0.40336822,0.00000000,0.00000036,0.21331681,-0.00072961,0.17001105,6,4,0.99418421,5,0.09682391
2025-08-26,0.38331470,0.40336814,0.00000005,0.00000004,0.21331708,0.00209239,0.17210345,6,0,1.00000000,5,0.00000040
2025-08-27,0.38334781,0.40334777,0.00000000,0.00000452,0.21329990,0.00175002,0.17385347,6,3,0.99989965,5,0.00003759
2025-08-28,0.38338998,0.40332592,0.00000000,0.00000247,0.21328164,0.00135424,0.17520771,6,3,0.99998860,5,0.00004217
2025-08-29,0.38343508,0.40330253,0.00000000,0.00000000,0.21326238,-0.00295239,0.17225532,6,3,0.99998895,5,0.00004510
2025-09-02,0.38343527,0.40330354,0.00000000,0.00000000,0.21326120,-0.00247092,0.16978440,6,0,1.00000000,5,0.00000118
2025-09-03,0.38343575,0.40330291,0.00000000,0.00000065,0.21326069,0.00295363,0.17273803,6,2,0.98394853,5,0.00000113
2025-09-04,0.38343595,0.40330296,0.00000000,0.00000006,0.21326104,0.00530173,0.17803975,6,0,1.00000000,5,0.00000059
2025-09-05,0.38341758,0.40329244,0.00004659,0.00000000,0.21324338,-0.00033835,0.17770141,6,0,1.00000000,5,0.00004659
2025-09-08,0.38341746,0.40329236,0.00004691,0.00000000,0.21324326,0.00135375,0.17905516,6,0,1.00000000,5,0.00000032
2025-09-09,0.38341779,0.40329229,0.00004672,0.00000000,0.21324320,0.00092976,0.17998492,6,3,0.99963196,5,0.00000034
2025-09-10,0.38341758,0.40329265,0.00004624,0.00000000,0.21324353,0.00237915,0.18236406,6,3,0.99999071,5,0.00000069
2025-09-11,0.38341738,0.40329246,0.00004611,0.00000000,0.21324406,0.00316169,0.18552575,6,0,1.00000000,5,0.00000053
2025-09-12,0.38340195,0.40328386,0.00008531,0.00000000,0.21322887,-0.00103603,0.18448972,6,0,1.00000000,5,0.00003921
2025-09-15,0.38340194,0.40328319,0.00008546,0.00000000,0.21322940,0.00176417,0.18625390,6,0,1.00000000,5,0.00000068
2025-09-16,0.38339947,0.40328672,0.00008082,0.00000015,0.21323283,-0.00157691,0.18467699,6,3,0.99996566,5,0.00000711
2025-09-17,0.38339950,0.40328609,0.00008101,0.00000001,0.21323340,-0.00053880,0.18413820,6,0,1.00000000,5,0.00000078
2025-09-18,0.38339950,0.40328597,0.00008103,0.00000000,0.21323350,0.00151463,0.18565283,6,0,0.72747751,5,0.00000013
2025-09-19,0.38339948,0.40328547,0.00008117,0.00000000,0.21323388,0.00232525,0.18797808,6,0,1.00000000,5,0.00000051
2025-09-22,0.38339947,0.40328505,0.00008129,0.00000000,0.21323420,0.00024138,0.18821947,6,0,1.00000000,5,0.00000044
2025-09-23,0.38339945,0.40328469,0.00008139,0.00000000,0.21323447,-0.00114401,0.18707545,6,0,1.00000000,5,0.00000037
2025-09-24,0.38339944,0.40328438,0.00008148,0.00000000,0.21323470,-0.00062306,0.18645240,6,0,0.99992832,5,0.00000033
2025-09-25,0.38339943,0.40328411,0.00008156,0.00000000,0.21323490,-0.00133611,0.18511629,6,0,1.00000000,5,0.00000028
2025-09-26,0.38348038,0.40328425,0.00000036,0.00000002,0.21323499,0.00127593,0.18639222,6,4,0.99766721,5,0.00008120
2025-09-29,0.38348045,0.40328425,0.00000013,0.00000001,0.21323516,0.00171711,0.18810933,6,0,1.00000000,5,0.00000024
2025-09-30,0.38348047,0.40328421,0.00000004,0.00000001,0.21323527,0.00116591,0.18927524,6,0,1.00000000,5,0.00000013
2025-10-01,0.38348048,0.40328416,0.00000001,0.00000000,0.21323535,0.00258059,0.19185583,6,0,1.00000000,5,0.00000009
2025-10-02,0.38348047,0.40328411,0.00000000,0.00000000,0.21323542,0.00096471,0.19282054,6,0,1.00000000,5,0.00000007
2025-10-03,0.38348046,0.40328405,0.00000000,0.00000000,0.21323549,-0.00115644,0.19166410,6,0,0.99718797,5,0.00000007
2025-10-06,0.38348045,0.40328399,0.00000000,0.00000000,0.21323555,0.00122879,0.19289289,6,0,1.00000000,5,0.00000006
2025-10-07,0.38348044,0.40328395,0.00000000,0.00000000,0.21323561,0.00077295,0.19366584,6,0,1.00000000,5,0.00000005
2025-10-08,0.38348043,0.40328391,0.00000000,0.00000000,0.21323565,0.00277208,0.19643792,6,0,1.00000000,5,0.00000005
2025-10-09,0.38348074,0.40328350,0.00000000,0.00000043,0.21323533,0.00009916,0.19653708,6,2,0.98556556,5,0.00000073
2025-10-10,0.38352373,0.40326010,0.00000000,0.00000000,0.21321617,-0.00910466,0.18743242,6,3,0.98260559,5,0.00004299
2025-10-13,0.38350559,0.40324941,0.00004666,0.00000000,0.21319834,0.00690815,0.19434057,6,0,1.00000000,5,0.00004666
2025-10-14,0.38350527,0.40324954,0.00004742,0.00000004,0.21319773,-0.00017188,0.19416869,6,0,1.00000000,5,0.00000093
2025-10-15,0.38350479,0.40324998,0.00004762,0.00000001,0.21319761,0.00047315,0.19464184,6,0,1.00000000,5,0.00000063
2025-10-16,0.38350478,0.40324997,0.00004765,0.00000000,0.21319760,-0.00140026,0.19324159,6,0,1.00000000,5,0.00000003
2025-10-17,0.38350476,0.40324996,0.00004768,0.00000000,0.21319759,0.00158379,0.19482537,6,0,1.00000000,5,0.00000003
2025-10-20,0.37018985,0.40325488,0.01335007,0.00000065,0.21320454,0.00548216,0.20030754,6,0,0.99999907,5,0.01331491
2025-10-21,0.33183186,0.40325562,0.05170728,0.00000037,0.21320487,-0.00183889,0.19846865,6,0,1.00000000,5,0.03835827
2025-10-22,0.30040032,0.40325481,0.08314076,0.00000016,0.21320396,-0.00174547,0.19672317,6,0,1.00000000,5,0.03143348
2025-10-23,0.29657524,0.40325965,0.08695616,0.00000017,0.21320878,0.00082435,0.19754752,6,0,1.00000000,5,0.00382507
2025-10-24,0.29429518,0.40326534,0.08922459,0.00000017,0.21321471,0.00238925,0.19993678,6,0,0.99986991,5,0.00228006
2025-10-27,0.29428982,0.40326275,0.08923711,0.00000000,0.21321032,0.00084592,0.20078270,6,0,0.99207080,5,0.00001252
2025-10-28,0.29428578,0.40326019,0.08924730,0.00000000,0.21320673,0.00024983,0.20103253,6,0,1.00000000,5,0.00001019
2025-10-29,0.29428533,0.40325992,0.08924843,0.00000000,0.21320632,-0.00174260,0.19928993,6,0,1.00000000,5,0.00000113
2025-10-30,0.29428467,0.40325951,0.08925008,0.00000000,0.21320574,-0.00094071,0.19834922,6,0,1.00000000,5,0.00000165
2025-10-31,0.29428473,0.40325939,0.08925001,0.00000000,0.21320587,0.00105550,0.19940472,6,0,1.00000000,5,0.00000019
2025-11-03,0.29428476,0.40325912,0.08924999,0.00000000,0.21320613,0.00062480,0.20002952,6,0,0.99984883,5,0.00000030
2025-11-04,0.29428480,0.40325888,0.08924995,0.00000000,0.21320637,-0.00387187,0.19615765,6,0,1.00000000,5,0.00000028
2025-11-05,0.29428484,0.40325861,0.08924992,0.00000000,0.21320662,0.00025021,0.19640786,6,0,0.99999551,5,0.00000030
2025-11-06,0.29428489,0.40325839,0.08924988,0.00000000,0.21320684,-0.00249748,0.19391038,6,0,1.00000000,5,0.00000026
2025-11-07,0.29428492,0.40325816,0.08924985,0.00000000,0.21320707,0.00093100,0.19484138,6,0,1.00000000,5,0.00000027
2025-11-10,0.29428311,0.40325878,0.08925051,0.00000001,0.21320759,0.00651393,0.20135531,6,0,0.99697319,5,0.00000182
2025-11-11,0.29425262,0.40326874,0.08926161,0.00000019,0.21321683,0.00190899,0.20326430,6,0,1.00000000,5,0.00003049
2025-11-12,0.29425270,0.40326855,0.08926163,0.00000001,0.21321710,0.00177085,0.20503515,6,0,0.99999999,5,0.00000037
2025-11-13,0.29425274,0.40326832,0.08926160,0.00000000,0.21321734,-0.00741113,0.19762402,6,0,1.00000000,5,0.00000027
2025-11-14,0.29425277,0.40326803,0.08926158,0.00000000,0.21321761,-0.00213826,0.19548576,6,0,1.00000000,5,0.00000030
2025-11-17,0.29424946,0.40326917,0.08926280,0.00000002,0.21321855,-0.00274760,0.19273817,6,0,1.00000000,5,0.00000331
2025-11-18,0.29424950,0.40326887,0.08926279,0.00000000,0.21321884,-0.00089884,0.19183932,6,0,1.00000000,5,0.00000033
2025-11-19,0.29424953,0.40326860,0.08926277,0.00000000,0.21321910,0.00231202,0.19415134,6,0,1.00000000,5,0.00000029
2025-11-20,0.29424957,0.40326838,0.08926274,0.00000000,0.21321931,-0.00353410,0.19061724,6,0,1.00000000,5,0.00000025
2025-11-21,0.29424961,0.40326833,0.08926268,0.00000000,0.21321938,0.00391789,0.19453512,6,0,1.00000000,5,0.00000011
2025-11-24,0.29424967,0.40326835,0.08926259,0.00000000,0.21321939,0.00654149,0.20107662,6,0,1.00000000,5,0.00000009
2025-11-25,0.29424973,0.40326857,0.08926247,0.00000000,0.21321923,0.00305894,0.20413556,6,0,1.00000000,5,0.00000028
2025-11-26,0.29424979,0.40326863,0.08926237,0.00000000,0.21321921,0.00246350,0.20659906,6,0,0.99999999,5,0.00000012
2025-11-28,0.29424984,0.40326847,0.08926232,0.00000000,0.21321937,0.00181999,0.20841905,6,0,1.00000000,5,0.00000022
2025-12-01,0.29424989,0.40326833,0.08926225,0.00000000,0.21321953,-0.00338812,0.20503093,6,0,1.00000000,5,0.00000021
2025-12-02,0.29424995,0.40326826,0.08926218,0.00000000,0.21321961,0.00040333,0.20543426,6,0,1.00000000,5,0.00000014
2025-12-03,0.29425002,0.40326858,0.08926203,0.00000000,0.21321937,0.00056355,0.20599780,6,0,0.99999815,5,0.00000038
2025-12-04,0.29425008,0.40326888,0.08926190,0.00000000,0.21321915,-0.00041862,0.20557918,6,0,1.00000000,5,0.00000036
2025-12-05,0.29425014,0.40326918,0.08926176,0.00000000,0.21321892,-0.00065277,0.20492641,6,0,1.00000000,5,0.00000037
2025-12-08,0.29425021,0.40326948,0.08926161,0.00000000,0.21321870,-0.00179426,0.20313215,6,0,1.00000000,5,0.00000037
2025-12-09,0.29425028,0.40326984,0.08926145,0.00000000,0.21321842,-0.00008439,0.20304776,6,0,0.99999049,5,0.00000043
2025-12-10,0.29425036,0.40327012,0.08926131,0.00000000,0.21321822,0.00251831,0.20556607,6,0,1.00000000,5,0.00000035
2025-12-11,0.29425043,0.40327043,0.08926117,0.00000000,0.21321798,0.00084661,0.20641268,6,0,1.00000000,5,0.00000038
2025-12-12,0.29425050,0.40327082,0.08926101,0.00000000,0.21321766,-0.00343980,0.20297288,6,0,0.99999833,5,0.00000047
2025-12-15,0.29425058,0.40327129,0.08926085,0.00000000,0.21321729,-0.00020631,0.20276656,6,0,0.99996653,5,0.00000054
2025-12-16,0.29423711,0.40327589,0.08926582,0.00000012,0.21322107,0.00021830,0.20298486,6,0,1.00000000,5,0.00001347
2025-12-17,0.29421303,0.40328415,0.08927474,0.00000022,0.21322786,-0.00229254,0.20069232,6,0,1.00000000,5,0.00002407
2025-12-18,0.29419495,0.40329040,0.08928150,0.00000018,0.21323298,0.00335959,0.20405191,6,0,1.00000000,5,0.00001813
2025-12-19,0.29418176,0.40329497,0.08928643,0.00000013,0.21323670,0.00245996,0.20651187,6,0,1.00000000,5,0.00001323
2025-12-22,0.29418187,0.40329547,0.08928630,0.00000001,0.21323634,0.00261603,0.20912790,6,0,1.00000000,5,0.00000062
2025-12-23,0.29418194,0.40329588,0.08928615,0.00000000,0.21323602,0.00163205,0.21075995,6,0,1.00000000,5,0.00000047
2025-12-24,0.29418201,0.40329619,0.08928602,0.00000000,0.21323577,0.00170325,0.21246321,6,0,1.00000000,5,0.00000038
2025-12-26,0.29418207,0.40329655,0.08928588,0.00000000,0.21323549,0.00148167,0.21394487,6,0,1.00000000,5,0.00000042
2025-12-29,0.29418213,0.40329690,0.08928575,0.00000000,0.21323522,-0.00433854,0.20960633,6,0,1.00000000,5,0.00000041
2025-12-30,0.29418219,0.40329729,0.08928561,0.00000000,0.21323491,-0.00020534,0.20940099,6,0,1.00000000,5,0.00000045
2025-12-31,0.29418225,0.40329761,0.08928549,0.00000000,0.21323465,-0.00424941,0.20515158,6,0,1.00000000,5,0.00000037
2026-01-02,0.29418230,0.40329795,0.08928537,0.00000000,0.21323438,0.00129409,0.20644567,6,0,1.00000000,5,0.00000039
2026-01-05,0.29418234,0.40329820,0.08928528,0.00000000,0.21323418,0.00508293,0.21152860,6,0,1.00000000,5,0.00000029
2026-01-06,0.29418238,0.40329841,0.08928519,0.00000000,0.21323401,0.00319235,0.21472095,6,0,1.00000000,5,0.00000025
2026-01-07,0.29418241,0.40329869,0.08928510,0.00000000,0.21323379,-0.00080446,0.21391649,6,0,1.00000000,5,0.00000031
2026-01-08,0.29418246,0.40329902,0.08928500,0.00000000,0.21323352,-0.00015175,0.21376474,6,0,1.00000000,5,0.00000038
2026-01-09,0.30062246,0.39773019,0.08928490,0.00000000,0.21236245,0.00350597,0.21727071,6,3,0.99993424,5,0.00644000
2026-01-12,0.29201238,0.39773334,0.09789314,0.00000000,0.21236115,0.00139142,0.21866213,6,0,1.00000000,5,0.00861138
2026-01-13,0.29201244,0.39773372,0.09789301,0.00000000,0.21236083,0.00033413,0.21899627,6,0,1.00000000,5,0.00000044
2026-01-14,0.29201249,0.39773405,0.09789290,0.00000000,0.21236057,0.00010386,0.21910012,6,0,1.00000000,5,0.00000038
2026-01-15,0.29201254,0.39773434,0.09789279,0.00000000,0.21236033,0.00010113,0.21920125,6,0,1.00000000,5,0.00000034
2026-01-16,0.29201259,0.39773462,0.09789269,0.00000000,0.21236011,-0.00219158,0.21700967,6,0,1.00000000,5,0.00000033
2026-01-20,0.29201263,0.39773486,0.09789259,0.00000000,0.21235992,-0.00573948,0.21127018,6,0,1.00000000,5,0.00000028
2026-01-21,0.29201268,0.39773513,0.09789249,0.00000000,0.21235970,0.00628726,0.21755744,6,0,1.00000000,5,0.00000032
2026-01-22,0.29201274,0.39773541,0.09789238,0.00000000,0.21235948,0.00241084,0.21996828,6,0,1.00000000,5,0.00000033
2026-01-23,0.29201279,0.39773565,0.09789227,0.00000000,0.21235929,0.00021002,0.22017830,6,0,1.00000000,5,0.00000030
2026-01-26,0.29201284,0.39773586,0.09789217,0.00000000,0.21235913,0.00243143,0.22260974,6,0,1.00000000,5,0.00000026
2026-01-27,0.29201084,0.39773439,0.09789762,0.00000000,0.21235714,0.00063407,0.22324381,6,0,1.00000000,5,0.00000545
2026-01-28,0.29200205,0.39772770,0.09792174,0.00000000,0.21234851,0.00464920,0.22789301,6,0,1.00000000,5,0.00002411
2026-01-29,0.29199959,0.39772588,0.09792848,0.00000000,0.21234605,-0.00001745,0.22787556,6,0,1.00000000,5,0.00000675
2026-01-30,0.29198843,0.39771747,0.09795917,0.00000000,0.21233493,-0.01006128,0.21781428,6,0,1.00000000,5,0.00003068
2026-02-02,0.22228640,0.39771770,0.16766069,0.00000000,0.21233520,-0.00533608,0.21247820,6,0,1.00000000,5,0.06970203
2026-02-03,0.22228644,0.39771815,0.16766058,0.00000000,0.21233483,0.00828328,0.22076147,6,0,1.00000000,5,0.00000049
2026-02-04,0.18920772,0.40401883,0.19443863,0.00000001,0.21233481,-0.00047503,0.22028645,6,0,1.00000000,5,0.03307874
2026-02-05,0.17813443,0.41509195,0.19443876,0.00000000,0.21233486,-0.00438960,0.21589684,6,0,1.00000000,5,0.01107330
2026-02-06,0.17812718,0.41509440,0.19444140,0.00000004,0.21233698,0.00873192,0.22462876,6,0,1.00000000,5,0.00000725
2026-02-09,0.11862034,0.41751102,0.20077514,0.00000003,0.26309347,0.00352691,0.22815568,6,0,1.00000000,5,0.05950685
2026-02-10,0.11856615,0.41752943,0.20079444,0.00000029,0.26310969,-0.00047370,0.22768197,6,0,1.00000000,5,0.00005418
2026-02-11,0.11855894,0.41753198,0.20079711,0.00000006,0.26311192,0.00137719,0.22905917,6,0,1.00000000,5,0.00000745
2026-02-12,0.07128035,0.41753203,0.20079870,0.00000015,0.31038877,-0.00578635,0.22327281,6,0,1.00000000,5,0.04727858
2026-02-13,0.02599092,0.41753182,0.20079884,0.00000004,0.35567838,0.00658280,0.22985562,6,0,1.00000000,5,0.04528974
2026-02-17,0.02598647,0.41753189,0.20079899,0.00000000,0.35568265,-0.00518320,0.22467242,6,0,1.00000000,5,0.00000450
2026-02-18,0.00689827,0.41753349,0.20080085,0.00000010,0.37476728,0.00600435,0.23067677,6,0,1.00000000,5,0.01908819
2026-02-19,0.00338124,0.41753350,0.20080089,0.00000001,0.37828436,0.00149610,0.23217288,6,0,1.00000000,5,0.00351712
2026-02-20,0.00000000,0.41752793,0.20079527,0.00000000,0.38167679,0.00349761,0.23567049,6,0,1.00000000,5,0.00339243
2026-02-23,0.00000000,0.41752797,0.20079527,0.00000000,0.38167676,0.00685504,0.24252553,6,0,1.00000000,5,0.00000004
2026-02-24,0.00000000,0.41752800,0.20079526,0.00000000,0.38167674,-0.00260627,0.23991927,6,0,1.00000000,5,0.00000003
2026-02-25,0.00000000,0.41752802,0.20079526,0.00000000,0.38167672,-0.00126974,0.23864952,6,0,1.00000000,5,0.00000002
2026-02-26,0.00000000,0.41752805,0.20079526,0.00000000,0.38167669,0.00311023,0.24175975,6,0,1.00000000,5,0.00000003
2026-02-27,0.00000000,0.41752808,0.20079525,0.00000000,0.38167666,0.00400284,0.24576259,6,0,1.00000000,5,0.00000004
2026-03-02,0.00000000,0.41752811,0.20079525,0.00000000,0.38167663,0.00356913,0.24933172,6,0,1.00000000,5,0.00000003
2026-03-03,0.00000000,0.41752814,0.20079525,0.00000000,0.38167661,-0.00782586,0.24150585,6,0,1.00000000,5,0.00000003
2026-03-04,0.00000000,0.41752817,0.20079524,0.00000000,0.38167659,0.00000645,0.24151230,6,0,1.00000000,5,0.00000002
2026-03-05,0.00000000,0.41752819,0.20079524,0.00000000,0.38167656,-0.00275014,0.23876216,6,0,1.00000000,5,0.00000002
2026-03-06,0.00000000,0.41752817,0.20079525,0.00000000,0.38167658,0.00275559,0.24151775,6,0,1.00000000,5,0.00000002
2026-03-09,0.00000000,0.41752817,0.20079526,0.00000000,0.38167658,0.00074171,0.24225947,6,0,1.00000000,5,0.00000000
2026-03-10,0.00000000,0.41752815,0.20079526,0.00000000,0.38167659,0.00077328,0.24303275,6,0,1.00000000,5,0.00000002
2026-03-11,0.00000000,0.41752813,0.20079527,0.00000000,0.38167661,-0.00120330,0.24182945,6,0,1.00000000,5,0.00000002
2026-03-12,0.00000000,0.41752626,0.20080125,0.00000008,0.38167241,-0.00353948,0.23828996,6,0,1.00000000,5,0.00000606
2026-03-13,0.00000000,0.41752191,0.20081521,0.00000018,0.38166270,-0.00016683,0.23812313,6,0,1.00000000,5,0.00001406
2026-03-16,0.00000000,0.41751819,0.20082729,0.00000016,0.38165436,-0.00050058,0.23762256,6,0,1.00000000,5,0.00001208
2026-03-17,0.00000000,0.41751379,0.20084147,0.00000019,0.38164455,-0.00045682,0.23716574,6,0,1.00000000,5,0.00001420
2026-03-18,0.00000000,0.41751016,0.20085331,0.00000016,0.38163637,-0.00603463,0.23113111,6,0,1.00000000,5,0.00001183
2026-03-19,0.00000000,0.41750428,0.20087203,0.00000019,0.38162350,-0.01221586,0.21891524,6,0,1.00000000,5,0.00001875
2026-03-20,0.00000000,0.41749919,0.20088815,0.00000017,0.38161248,-0.00862039,0.21029485,6,0,1.00000000,5,0.00001612
2026-03-23,0.00000000,0.41749502,0.20090141,0.00000014,0.38160343,-0.00493126,0.20536359,6,0,1.00000000,5,0.00001326
2026-03-24,0.00000000,0.41749224,0.20091032,0.00000010,0.38159734,-0.00011711,0.20524647,6,0,1.00000000,5,0.00000891
2026-03-25,0.00000000,0.41748954,0.20091891,0.00000009,0.38159146,0.00884056,0.21408704,6,0,1.00000000,5,0.00000859
2026-03-26,0.00000000,0.41748758,0.20092510,0.00000006,0.38158725,-0.00957170,0.20451533,6,0,1.00000000,5,0.00000620
2026-03-27,0.00000000,0.41748605,0.20092990,0.00000005,0.38158399,0.00738608,0.21190141,6,0,1.00000000,5,0.00000480
2026-03-30,0.00000000,0.41748493,0.20093343,0.00000004,0.38158160,0.00480229,0.21670370,6,0,1.00000000,5,0.00000353
2026-03-31,0.00000000,0.41748429,0.20093540,0.00000002,0.38158030,0.00548051,0.22218421,6,0,1.00000000,5,0.00000197
2026-04-01,0.00000005,0.41748481,0.20093378,0.00000000,0.38158136,0.00243400,0.22461821,6,0,1.00000000,5,0.00000163
2026-04-02,0.00000059,0.41749065,0.20091518,0.00000000,0.38159358,-0.00114679,0.22347142,6,0,1.00000000,5,0.00001860
2026-04-06,0.00000007,0.41749066,0.19756307,0.00000000,0.38494620,-0.00232328,0.22114814,6,0,1.00000000,5,0.00335263
2026-04-07,0.00000001,0.41749065,0.18949403,0.00000000,0.39301531,0.00175630,0.22290444,6,0,1.00000000,5,0.00806911
2026-04-08,0.00000000,0.41749067,0.17655502,0.00000000,0.40595431,-0.00120310,0.22170134,6,0,1.00000000,5,0.01293901
2026-04-09,0.00000000,0.41749068,0.17655500,0.00000000,0.40595432,0.00049879,0.22220013,6,0,1.00000000,5,0.00000002
2026-04-10,0.00000000,0.41749070,0.17655493,0.00000000,0.40595437,-0.00160666,0.22059348,6,0,1.00000000,5,0.00000007
2026-04-13,0.00000000,0.41749074,0.17655479,0.00000000,0.40595446,-0.00068571,0.21990777,6,0,1.00000000,5,0.00000013
2026-04-14,0.00000000,0.41749078,0.17655469,0.00000000,0.40595453,0.00436513,0.22427290,6,0,1.00000000,5,0.00000010
2026-04-15,0.00000000,0.41749080,0.17655461,0.00000000,0.40595458,-0.00320846,0.22106444,6,0,1.00000000,5,0.00000008
2026-04-16,0.00000000,0.41749082,0.17655456,0.00000000,0.40595462,0.00029270,0.22135714,6,0,1.00000000,5,0.00000006
2026-04-17,0.00000000,0.41749083,0.17655452,0.00000000,0.40595465,0.00445233,0.22580947,6,0,1.00000000,5,0.00000004
2026-04-20,0.00000022,0.41749454,0.17654272,0.00000000,0.40596251,-0.00251267,0.22329680,6,0,1.00000000,5,0.00001179
2026-04-21,0.00000025,0.41749842,0.17653076,0.00000000,0.40597057,-0.00468225,0.21861455,6,0,1.00000000,5,0.00001197
2026-04-22,0.00000026,0.41750285,0.17651700,0.00000000,0.40597989,0.00290784,0.22152239,6,0,1.00000000,5,0.00001376
2026-04-23,0.00000012,0.41750507,0.17651031,0.00000000,0.40598450,-0.00163778,0.21988461,6,0,1.00000000,5,0.00000683
2026-04-24,0.00000043,0.41750496,0.17651016,0.00000001,0.40598444,0.00099556,0.22088016,6,0,1.00000000,5,0.00000032
2026-04-27,0.00000111,0.41750474,0.17650982,0.00000001,0.40598432,-0.00277995,0.21810021,6,0,1.00000000,5,0.00000068
2026-04-28,0.00000246,0.41750430,0.17650913,0.00000002,0.40598409,-0.00252014,0.21558008,6,0,1.00000000,5,0.00000136
2026-04-29,0.00000356,0.41750395,0.17650857,0.00000002,0.40598391,-0.00269178,0.21288830,6,0,1.00000000,5,0.00000110
2026-04-30,0.00000030,0.41750368,0.17650776,0.00616210,0.39982615,-0.00036806,0.21252023,6,0,1.00000000,5,0.00616208
2026-05-01,0.00000000,0.41750298,0.17650564,0.01076290,0.39522849,0.00052034,0.21304057,6,0,1.00000000,5,0.00460080
2026-05-04,0.00000000,0.41749854,0.17649259,0.01702007,0.38898880,-0.00355759,0.20948298,6,0,1.00000000,5,0.00625717
2026-05-05,0.00000000,0.41749558,0.17648991,0.01702829,0.38898622,0.00200882,0.21149180,6,0,1.00000000,5,0.00000822
2026-05-06,0.00000000,0.41748992,0.15787976,0.03565069,0.38897963,0.00204056,0.21353236,6,0,1.00000000,5,0.01862239
2026-05-07,0.00000001,0.41749069,0.15359081,0.05223100,0.37668749,0.00020167,0.21373403,6,0,1.00000000,5,0.01658109
2026-05-08,0.00000000,0.41749071,0.14731329,0.05924541,0.37595060,0.00024187,0.21397590,6,0,1.00000000,5,0.00701443
2026-05-11,0.00765425,0.41749063,0.14731457,0.05926522,0.36827533,0.00124597,0.21522187,6,0,1.00000000,5,0.00767534
2026-05-12,0.00765338,0.41749059,0.14579038,0.06925497,0.35981068,0.00206998,0.21729185,6,0,1.00000000,5,0.00998976
2026-05-13,0.00765227,0.41748708,0.14578698,0.06926594,0.35980774,-0.00108378,0.21620806,6,0,1.00000000,5,0.00001097
2026-05-14,0.00765174,0.41748536,0.14578531,0.06927130,0.35980630,0.00057674,0.21678481,6,0,1.00000000,5,0.00000536
2026-05-15,0.00765014,0.41748022,0.14578032,0.06928730,0.35980202,-0.00241765,0.21436715,6,0,1.00000000,5,0.00001600
