date,Q1,Q2,Q3,Q4,Q5
1969-02-28,NA,NA,NA,NA,NA
1969-03-31,NA,NA,NA,NA,NA
1969-04-30,NA,NA,NA,NA,NA
1969-05-31,NA,NA,NA,NA,NA
1969-06-30,NA,NA,NA,NA,NA
1969-07-31,NA,NA,NA,NA,NA
1969-08-31,NA,NA,NA,NA,NA
1969-09-30,NA,NA,NA,NA,NA
1969-10-31,NA,NA,NA,NA,NA
1969-11-30,NA,NA,NA,NA,NA
1969-12-31,NA,NA,NA,NA,NA
1970-01-31,NA,NA,NA,NA,NA
1970-02-28,NA,NA,NA,NA,NA
1970-03-31,NA,NA,NA,NA,NA
1970-04-30,NA,NA,NA,NA,NA
1970-05-31,NA,NA,NA,NA,NA
1970-06-30,NA,NA,NA,NA,NA
1970-07-31,NA,NA,NA,NA,NA
1970-08-31,NA,NA,NA,NA,NA
1970-09-30,NA,NA,NA,NA,NA
1970-10-31,NA,NA,NA,NA,NA
1970-11-30,NA,NA,NA,NA,NA
1970-12-31,NA,NA,NA,NA,NA
1971-01-31,NA,NA,NA,NA,NA
1971-02-28,NA,NA,NA,NA,NA
1971-03-31,NA,NA,NA,NA,NA
1971-04-30,NA,NA,NA,NA,NA
1971-05-31,NA,NA,NA,NA,NA
1971-06-30,NA,NA,NA,NA,NA
1971-07-31,NA,NA,NA,NA,NA
1971-08-31,NA,NA,NA,NA,NA
1971-09-30,NA,NA,NA,NA,NA
1971-10-31,NA,NA,NA,NA,NA
1971-11-30,NA,NA,NA,NA,NA
1971-12-31,NA,NA,NA,NA,NA
1972-01-31,NA,NA,NA,NA,NA
1972-02-29,NA,NA,NA,NA,NA
1972-03-31,NA,NA,NA,NA,NA
1972-04-30,NA,NA,NA,NA,NA
1972-05-31,NA,NA,NA,NA,NA
1972-06-30,NA,NA,NA,NA,NA
1972-07-31,NA,NA,NA,NA,NA
1972-08-31,NA,NA,NA,NA,NA
1972-09-30,NA,NA,NA,NA,NA
1972-10-31,NA,NA,NA,NA,NA
1972-11-30,NA,NA,NA,NA,NA
1972-12-31,0.015333333333333332,0.02186666666666667,0.014733333333333334,0.02186666666666667,0.0011333333333333334
1973-01-31,-0.0011000000000000014,0.0105,0.011166666666666665,0.012433333333333333,-0.009166666666666667
1973-02-28,-1.499999999999991e-4,0.02165,0.01505,-0.0011166666666666658,-0.02148333333333333
1973-03-31,0.015416666666666667,0.010983333333333333,0.005183333333333334,0.011083333333333332,-0.018616666666666667
1973-04-30,0.04068333333333333,-0.009783333333333331,0.00915,0.03551666666666667,-0.04068333333333333
1973-05-31,0.01615,-0.012216666666666667,0.026950000000000002,0.021650000000000003,0.0042499999999999994
1973-06-30,-0.011583333333333333,0.01635,0.01045,0.011883333333333334,0.01568333333333333
1973-07-31,0.015233333333333335,-0.009033333333333332,-0.05383333333333332,-0.05413333333333333,-0.05413333333333333
1973-08-31,-0.0213,0.0213,0.0169,-0.0010000000000000009,0.0169
1973-09-30,-0.015216666666666668,5.833333333333338e-4,6.500000000000001e-4,0.015216666666666668,-0.022616666666666663
1973-10-31,0.005466666666666666,-0.0015999999999999996,-0.021,0.017133333333333334,0.017133333333333334
1973-11-30,-0.06251666666666666,-0.02351666666666667,0.06251666666666666,0.05328333333333333,0.05328333333333333
1973-12-31,-0.00785,0.041350000000000005,0.010216666666666667,-0.010216666666666667,0.02975
1974-01-31,0.05418333333333333,0.020083333333333335,-0.020083333333333335,-0.009649999999999999,-0.019383333333333332
1974-02-28,0.010066666666666666,-0.006666666666666667,-0.010066666666666666,0.006666666666666667,0.005833333333333333
1974-03-31,-0.003999999999999999,-0.005666666666666667,0.0023333333333333335,0.003999999999999999,0.0030666666666666676
1974-04-30,-0.016083333333333335,0.016083333333333335,0.022949999999999998,-0.012750000000000003,0.012750000000000003
1974-05-31,-0.014616666666666665,0.023716666666666664,0.00755,0.025783333333333335,-0.002150000000000001
1974-06-30,-0.0029999999999999996,-0.0063,-0.006466666666666667,0.015866666666666664,0.0031666666666666666
1974-07-31,0.006066666666666665,-0.006066666666666665,0.008933333333333333,0.02613333333333334,0.02613333333333334
1974-08-31,-0.012016666666666669,-0.029383333333333334,-0.0028833333333333354,0.018316666666666672,-0.0019500000000000032
1974-09-30,-0.003183333333333332,0.015850000000000003,0.03578333333333333,-0.010950000000000001,-0.050216666666666666
1974-10-31,0.01813333333333333,0.03730000000000001,-0.03730000000000001,-0.03826666666666668,-0.02856666666666667
1974-11-30,-0.023683333333333334,0.008583333333333333,0.013116666666666667,-0.011649999999999999,0.012283333333333334
1974-12-31,-0.010700000000000001,0.02493333333333333,0.010499999999999997,-7.666666666666678e-4,0.008166666666666668
1975-01-31,0.037233333333333334,0.056133333333333334,-0.056133333333333334,-0.0346,-0.037233333333333334
1975-02-28,0.021999999999999995,0.003833333333333333,-0.018099999999999995,0.018099999999999995,-0.018099999999999995
1975-03-31,0.01478333333333333,-0.0017499999999999996,0.011483333333333333,-0.018683333333333333,-0.018683333333333333
1975-04-30,-0.014883333333333333,0.00985,0.012616666666666665,0.014883333333333333,-0.01025
1975-05-31,-0.02416666666666667,-0.010666666666666666,-0.0030666666666666668,0.0204,0.010466666666666668
1975-06-30,-0.0188,-0.002700000000000001,-0.014499999999999999,0.014366666666666666,0.002700000000000001
1975-07-31,-0.011483333333333333,5.166666666666667e-4,-5.166666666666667e-4,-0.016216666666666667,0.0016500000000000002
1975-08-31,0.010766666666666667,0.0041,-0.0146,-0.0041,-0.0041
1975-09-30,0.009166666666666665,-0.007200000000000001,-0.007033333333333333,0.009166666666666665,-0.008333333333333331
1975-10-31,0.019833333333333335,0.017933333333333336,-0.003099999999999999,0.001366666666666666,0.001366666666666666
1975-11-30,-0.003966666666666666,0.010599999999999998,0.0017666666666666664,0.010599999999999998,0.003966666666666666
1975-12-31,-0.007066666666666666,-0.006866666666666666,0.006700000000000001,0.006700000000000001,0.006700000000000001
1976-01-31,0.017683333333333332,0.03225,-0.03705,-0.044816666666666664,0.03898333333333332
1976-02-29,-0.006849999999999999,-5.833333333333335e-4,-0.0016499999999999985,-0.0016499999999999985,-0.0016499999999999985
1976-03-31,0.004066666666666667,0.007366666666666667,-9.000000000000001e-4,-3.6666666666666656e-4,9.000000000000001e-4
1976-04-30,0.005416666666666667,-0.0030166666666666675,0.00595,1.4999999999999982e-4,-0.00445
1976-05-31,-0.0026333333333333334,0.014366666666666666,0.0016666666666666663,0.0018666666666666675,-0.006233333333333334
1976-06-30,0.009600000000000001,-0.0039000000000000003,-0.0039000000000000003,0.009733333333333333,0.003766666666666667
1976-07-31,-8.500000000000001e-4,0.002183333333333333,0.0010833333333333335,-0.0056166666666666665,0.002183333333333333
1976-08-31,-0.004050000000000001,8.166666666666665e-4,0.001983333333333333,0.005316666666666667,0.004050000000000001
1976-09-30,0.005749999999999999,0.007449999999999999,0.004316666666666667,-0.004183333333333333,-0.007449999999999999
1976-10-31,-0.0028166666666666665,-0.00605,0.0038166666666666674,0.0026499999999999996,0.0028166666666666665
1976-11-30,0.0010666666666666665,-0.003800000000000001,-0.005266666666666667,6.666666666666568e-5,0.013433333333333334
1976-12-31,-0.007666666666666666,0.007666666666666666,-0.004300000000000001,-0.007666666666666666,-0.007666666666666666
1977-01-31,-0.01495,-0.007683333333333333,-0.006716666666666667,0.01315,0.01495
1977-02-28,0.0021333333333333334,-0.0037000000000000006,0.0028333333333333335,0.006333333333333333,0.0021333333333333334
1977-03-31,-0.0018000000000000002,-0.002166666666666667,-0.0011333333333333334,-9.333333333333329e-4,0.0034000000000000002
1977-04-30,0.0068333333333333345,-0.004933333333333331,0.009800000000000001,0.0014666666666666647,0.0164
1977-05-31,0.0052166666666666655,-0.0025166666666666658,0.0025166666666666658,0.0059499999999999996,0.004516666666666666
1977-06-30,-0.006099999999999999,0.006366666666666666,-0.008266666666666667,-0.010333333333333333,-0.006366666666666666
1977-07-31,-0.00515,-0.0031500000000000005,4.8333333333333274e-4,0.0031500000000000005,8.833333333333328e-4
1977-08-31,-0.0031,0.0088,0.0033666666666666667,-0.0088,-0.0088
1977-09-30,0.0043,0.0025333333333333328,0.0012666666666666662,0.006666666666666668,-0.0018000000000000002
1977-10-31,0.00655,-0.0072499999999999995,0.006849999999999999,0.00655,0.006849999999999999
1977-11-30,-0.010749999999999997,-0.007716666666666666,-0.00848333333333333,0.010749999999999997,-0.0075166666666666646
1977-12-31,0.003616666666666667,-5.166666666666665e-4,0.00265,-5.166666666666665e-4,-0.003616666666666667
1978-01-31,0.004449999999999998,0.01885,-0.0011166666666666677,0.0043833333333333354,0.01565
1978-02-28,0.003016666666666666,-0.0016166666666666656,0.014350000000000002,0.0020166666666666657,3.1666666666666535e-4
1978-03-31,0.005383333333333334,0.007050000000000001,-0.007949999999999999,0.009949999999999999,0.0072833333333333335
1978-04-30,0.0016666666666666668,0.0010333333333333314,-0.004266666666666666,-0.024566666666666667,-0.0010333333333333314
1978-05-31,7.500000000000001e-4,0.010016666666666667,-0.00415,-0.0066500000000000005,0.005116666666666667
1978-06-30,-0.002466666666666667,-0.007699999999999999,0.01333333333333333,0.007866666666666666,0.005699999999999999
1978-07-31,1.6666666666666796e-4,0.020566666666666667,-0.020566666666666667,-0.007166666666666666,0.018133333333333335
1978-08-31,-7.500000000000001e-4,0.0024166666666666672,-0.012416666666666666,0.005450000000000001,0.00925
1978-09-30,-0.014016666666666669,0.002316666666666666,0.009183333333333333,-0.008783333333333332,0.004616666666666667
1978-10-31,0.02626666666666666,-0.007199999999999998,0.022633333333333328,-0.012866666666666667,0.022633333333333328
1978-11-30,0.0015166666666666672,-0.003916666666666665,-0.00755,0.014816666666666667,0.01605
1978-12-31,0.006333333333333333,-8.000000000000016e-4,-0.011233333333333333,-0.0041333333333333335,0.0075
1979-01-31,0.021166666666666667,-0.013366666666666666,0.01186666666666667,-0.013366666666666666,5.999999999999998e-4
1979-02-28,2.3333333333333336e-4,0.008799999999999999,-0.0013000000000000002,0.0050999999999999995,-0.010566666666666663
1979-03-31,0.007466666666666667,-0.011433333333333335,-0.009633333333333334,9.333333333333334e-4,0.010566666666666669
1979-04-30,-0.0023,0.0030333333333333336,0.001733333333333333,0.001733333333333333,0.0095
1979-05-31,-0.0033833333333333324,0.00155,0.0021499999999999987,0.006750000000000002,-0.0028500000000000005
1979-06-30,0.0049166666666666655,5.16666666666667e-4,0.00545,-0.0026166666666666664,0.005183333333333332
1979-07-31,-0.009866666666666668,0.0020666666666666663,0.009866666666666668,-0.005366666666666668,-7e-4
1979-08-31,-0.02036666666666667,-9.333333333333343e-4,0.013233333333333333,-0.0019000000000000009,-0.005233333333333332
1979-09-30,-0.012783333333333332,-0.009983333333333332,0.011316666666666668,0.01445,0.010383333333333333
1979-10-31,0.0183,-0.023933333333333334,0.021500000000000002,0.0183,-0.0183
1979-11-30,-0.007866666666666668,0.017933333333333332,-0.007866666666666668,-0.007966666666666665,0.007866666666666668
1979-12-31,-0.006333333333333333,-0.0019,-0.008566666666666665,-0.006333333333333333,0.022066666666666665
1980-01-31,0.01568333333333333,0.009416666666666665,0.021583333333333333,0.02161666666666667,0.0032833333333333325
1980-02-29,0.025333333333333336,0.019933333333333334,-0.025333333333333336,0.022166666666666668,0.018066666666666665
1980-03-31,0.010750000000000001,-0.017450000000000004,-0.03221666666666667,0.010750000000000001,-0.010750000000000001
1980-04-30,-0.0032333333333333333,0.0032333333333333333,0.009966666666666665,-0.0105,0.0032333333333333333
1980-05-31,-0.0152,0.012933333333333333,0.009,-0.013766666666666668,-0.011666666666666667
1980-06-30,-0.003133333333333334,-0.0022333333333333337,0.0023999999999999994,-0.007766666666666667,-0.0070999999999999995
1980-07-31,-0.004716666666666667,-0.03791666666666666,-0.00375,-0.02438333333333333,-0.02438333333333333
1980-08-31,0.013166666666666669,-0.005399999999999999,5.00000000000001e-4,-9.333333333333334e-4,-0.006766666666666668
1980-09-30,-0.004933333333333335,-0.009166666666666668,0.002366666666666665,-0.01126666666666667,0.0066999999999999985
1980-10-31,0.024050000000000002,-2.833333333333345e-4,0.009516666666666666,-0.0037500000000000033,0.0056166666666666665
1980-11-30,-0.011816666666666665,0.0059833333333333336,-9.166666666666629e-4,-0.015116666666666662,0.06561666666666666
1980-12-31,0.004683333333333335,0.005616666666666668,0.004683333333333335,0.0013833333333333336,-0.027983333333333332
1981-01-31,0.013883333333333329,0.034083333333333334,0.02488333333333333,0.002616666666666663,-0.03994999999999999
1981-02-28,0.002433333333333333,0.0022999999999999995,8e-4,0.0033000000000000004,0.0033000000000000004
1981-03-31,-0.0056166666666666665,0.013349999999999999,-0.013183333333333337,0.006583333333333333,0.008516666666666667
1981-04-30,0.007483333333333332,0.0025833333333333337,-0.0010500000000000004,-0.005549999999999999,-0.0010500000000000004
1981-05-31,0.007183333333333333,0.008616666666666667,-0.0026833333333333327,7.499999999999995e-4,0.007183333333333333
1981-06-30,0.008099999999999996,2.999999999999993e-4,-0.004000000000000001,0.006899999999999999,-0.0301
1981-07-31,-0.005483333333333333,-0.01715,-0.01715,0.009016666666666668,-0.00705
1981-08-31,0.023566666666666666,0.017499999999999998,-0.006933333333333334,1.666666666666674e-4,-0.006933333333333334
1981-09-30,3.166666666666671e-4,0.024050000000000005,0.024050000000000005,0.032516666666666666,3.166666666666671e-4
1981-10-31,0.0017166666666666656,-0.014683333333333335,0.004516666666666668,-0.011883333333333334,0.035050000000000005
1981-11-30,0.004666666666666667,0.007300000000000001,0.0017,0.0017,0.0017
1981-12-31,-0.0031,0.011266666666666668,0.01163333333333333,-0.007,0.011966666666666667
1982-01-31,0.0019166666666666655,0.017450000000000004,-0.00505,0.01635,0.017450000000000004
1982-02-28,0.030399999999999996,0.04223333333333334,-0.04223333333333334,0.030399999999999996,0.010866666666666665
1982-03-31,-0.0026166666666666677,0.020183333333333334,0.010583333333333333,0.015916666666666666,-0.010516666666666667
1982-04-30,0.005466666666666667,-0.01186666666666667,0.003933333333333334,-0.010900000000000002,-0.010900000000000002
1982-05-31,-5.166666666666676e-4,0.011216666666666666,-5.166666666666676e-4,0.012583333333333335,0.014416666666666666
1982-06-30,0.008833333333333334,0.009133333333333334,-0.004500000000000001,0.0194,0.021099999999999997
1982-07-31,0.0152,0.0152,0.004533333333333333,0.015166666666666667,0.0030666666666666668
1982-08-31,0.004166666666666667,0.010333333333333333,0.015400000000000006,-0.02176666666666667,-0.026833333333333338
1982-09-30,-0.0037000000000000006,0.017366666666666666,0.0044,0.005699999999999999,0.0044
1982-10-31,0.015149999999999999,-0.021650000000000003,0.021349999999999997,-0.020649999999999998,-0.02231666666666667
1982-11-30,0.024166666666666666,0.0010333333333333306,0.011166666666666667,0.005166666666666667,-0.006066666666666665
1982-12-31,0.0022333333333333333,0.0022333333333333333,0.0024333333333333334,-0.0023000000000000004,3.6666666666666656e-4
1983-01-31,0.009350000000000004,0.006150000000000003,-0.005283333333333334,-0.01905,-0.002616666666666667
1983-02-28,0.01865,-0.002983333333333333,0.01745,-0.002983333333333333,0.010016666666666667
1983-03-31,0.002316666666666668,0.006849999999999999,0.016216666666666667,0.01165,0.007483333333333334
1983-04-30,0.017866666666666666,-0.005966666666666669,-0.005966666666666669,-0.005733333333333333,-0.009733333333333335
1983-05-31,9.666666666666678e-4,0.005633333333333334,-7.333333333333329e-4,0.012166666666666668,-0.015566666666666666
1983-06-30,-0.0019333333333333344,0.006566666666666665,0.018266666666666667,-0.007533333333333334,-0.018266666666666667
1983-07-31,0.003766666666666667,0.003766666666666667,0.013799999999999998,-0.0243,0.014266666666666669
1983-08-31,-0.0099,0.030266666666666664,-0.028533333333333338,-0.002066666666666668,0.014133333333333333
1983-09-30,0.004833333333333333,0.006499999999999999,0.002466666666666667,0.002466666666666667,0.002466666666666667
1983-10-31,-0.004766666666666668,-0.004766666666666668,-0.0226,0.003933333333333335,0.019166666666666665
1983-11-30,0.0074666666666666675,0.005666666666666667,-7.333333333333333e-4,-0.0058,2.666666666666666e-4
1983-12-31,9.833333333333337e-4,0.005416666666666668,0.006883333333333334,0.006150000000000002,0.002716666666666667
1984-01-31,0.008316666666666667,0.011250000000000001,0.014716666666666664,-0.019816666666666666,0.019816666666666666
1984-02-29,1.1666666666666683e-4,0.005383333333333335,-0.011250000000000001,-0.0033499999999999992,0.01975
1984-03-31,-1.6666666666666682e-4,0.0036666666666666666,0.005566666666666667,0.0014999999999999996,0.0051333333333333335
1984-04-30,0.009916666666666667,0.0073500000000000015,0.009083333333333334,6.16666666666667e-4,-0.00505
1984-05-31,-0.0018666666666666675,-0.011600000000000004,0.016733333333333336,0.008333333333333337,-0.004433333333333333
1984-06-30,3.333333333333335e-4,-0.0057,-0.006233333333333334,-0.009933333333333334,0.0095000000000000015
1984-07-31,0.006516666666666668,-0.012416666666666668,0.01575,0.004016666666666666,-0.011216666666666666
1984-08-31,0.004083333333333335,-0.031650000000000005,-0.03015,-0.031650000000000005,0.026183333333333336
1984-09-30,0.015150000000000002,0.01971666666666667,0.022516666666666667,0.010183333333333334,0.017949999999999997
1984-10-31,-8.166666666666669e-4,0.004483333333333332,0.010249999999999999,0.001983333333333333,0.003816666666666666
1984-11-30,0.0062499999999999995,-0.010483333333333332,0.01835,0.01835,-7.499999999999993e-4
1984-12-31,0.0036500000000000005,-6.16666666666667e-4,9.5e-4,-0.0042833333333333334,-0.011349999999999999
1985-01-31,-0.008433333333333333,-0.0051333333333333335,-0.01763333333333333,-0.04649999999999999,-0.008966666666666666
1985-02-28,0.0073999999999999995,0.006566666666666668,0.010633333333333333,0.0033333333333333335,-0.004533333333333333
1985-03-31,0.003233333333333333,0.020166666666666666,0.017366666666666666,0.008666666666666668,0.011466666666666667
1985-04-30,0.0106,0.016633333333333333,0.016166666666666666,0.014266666666666669,-0.002266666666666667
1985-05-31,0.014133333333333336,0.009366666666666667,0.009366666666666667,3.3333333333333245e-4,-0.011766666666666667
1985-06-30,0.009833333333333333,0.009833333333333333,0.007033333333333333,-7.333333333333324e-4,-0.011266666666666666
1985-07-31,-0.006516666666666667,-0.006516666666666667,-0.006516666666666667,-0.004116666666666667,-0.012416666666666668
1985-08-31,0.007616666666666665,0.0011833333333333331,0.008616666666666667,0.011983333333333332,0.011516666666666666
1985-09-30,-0.006666666666666667,-0.0050999999999999995,0.0136,0.019733333333333332,0.0099
1985-10-31,0.013316666666666666,0.010383333333333333,0.004883333333333332,0.004883333333333332,-0.00585
1985-11-30,0.009366666666666667,0.019066666666666666,4.666666666666669e-4,-0.020900000000000002,-0.021066666666666668
1985-12-31,0.0016166666666666662,0.0016166666666666662,0.0016166666666666662,0.012383333333333335,-0.014516666666666669
1986-01-31,0.008350000000000002,-0.0014833333333333337,-0.0029833333333333326,-4.5000000000000075e-4,0.003016666666666667
1986-02-28,0.009933333333333334,0.016199999999999996,0.0224,-0.013866666666666666,-0.013866666666666666
1986-03-31,0.002833333333333334,0.013466666666666668,0.010133333333333334,0.01476666666666667,-0.004133333333333334
1986-04-30,0.00345,0.0019499999999999997,-0.0031500000000000005,-0.00345,-0.012816666666666665
1986-05-31,0.014049999999999998,0.010383333333333333,0.014049999999999998,0.002916666666666667,-0.015150000000000002
1986-06-30,0.014383333333333337,0.008850000000000002,0.01501666666666667,0.01501666666666667,-0.0049833333333333335
1986-07-31,-0.003416666666666665,-0.005249999999999998,0.01618333333333333,-0.005249999999999998,0.011716666666666667
1986-08-31,-0.020016666666666665,0.008550000000000002,0.005516666666666665,-0.011683333333333332,0.002783333333333332
1986-09-30,-0.009,-0.008433333333333333,-0.009,-0.009,0.020200000000000006
1986-10-31,0.010549999999999999,0.010583333333333333,0.0029833333333333344,0.015283333333333335,-0.004350000000000002
1986-11-30,0.0011499999999999995,0.005016666666666667,-0.0021166666666666673,-0.0059833333333333336,0.0034833333333333335
1986-12-31,-0.002166666666666666,-0.002166666666666666,-0.0036666666666666666,0.0087,0.005166666666666667
1987-01-31,0.01413333333333333,0.014699999999999998,-0.021400000000000002,0.0253,-0.0341
1987-02-28,-0.003516666666666666,-0.00615,-0.00615,-0.018083333333333333,-0.03191666666666667
1987-03-31,0.017900000000000003,0.013566666666666666,-0.0015333333333333334,0.008133333333333333,0.008133333333333333
1987-04-30,-0.005316666666666667,-0.003583333333333332,-0.005316666666666667,0.0016499999999999996,0.0033833333333333332
1987-05-31,0.001,0.002933333333333333,-0.001,0.0025666666666666663,-6.333333333333333e-4
1987-06-30,-0.0041333333333333335,0.005333333333333335,0.015933333333333338,-0.009333333333333334,-6.666666666666561e-5
1987-07-31,0.012016666666666667,0.012016666666666667,0.015583333333333333,0.001383333333333333,0.002783333333333334
1987-08-31,0.0019000000000000004,0.0019000000000000004,0.013699999999999999,-0.006466666666666667,-0.016866666666666665
1987-09-30,-2.166666666666671e-4,-0.0017166666666666673,-0.001083333333333333,0.008383333333333333,0.011316666666666668
1987-10-31,-0.050233333333333345,-0.050233333333333345,-0.050233333333333345,0.019433333333333337,-0.06416666666666669
1987-11-30,0.01856666666666667,-0.016566666666666664,-8.66666666666667e-4,0.01856666666666667,-0.027033333333333336
1987-12-31,0.0231,0.014899999999999998,0.014899999999999998,0.0044666666666666665,-0.007799999999999998
1988-01-31,0.003566666666666667,0.005433333333333336,0.007533333333333332,-0.008599999999999998,-0.010466666666666666
1988-02-29,0.01593333333333333,0.011099999999999999,0.011099999999999999,3.0000000000000225e-4,-0.016
1988-03-31,0.009416666666666667,0.005516666666666667,0.01145,-6.166666666666678e-4,0.01898333333333333
1988-04-30,0.01195,0.01195,0.012250000000000002,0.01195,0.010383333333333335
1988-05-31,-0.0012666666666666675,-2.6666666666666706e-4,-2.6666666666666706e-4,0.0032,-0.0084
1988-06-30,0.012533333333333336,-0.006100000000000001,-0.004266666666666666,-0.027100000000000003,0.005300000000000002
1988-07-31,0.004083333333333334,0.004083333333333334,0.010483333333333332,0.00825,0.004083333333333334
1988-08-31,-4.999999999999897e-5,1.6666666666667287e-5,0.013883333333333336,0.013816666666666666,-0.012683333333333333
1988-09-30,0.0044666666666666665,-0.0019666666666666665,-0.0014000000000000009,-0.012433333333333333,0.006966666666666666
1988-10-31,0.0021666666666666657,0.006499999999999999,0.006499999999999999,0.006499999999999999,0.007899999999999999
1988-11-30,-0.0015333333333333351,-3.333333333333353e-4,-0.0017333333333333333,0.0011333333333333328,0.007233333333333334
1988-12-31,0.00495,0.003683333333333333,0.003683333333333333,-0.010016666666666669,0.009783333333333335
1989-01-31,0.005499999999999998,0.005499999999999998,0.012666666666666665,-0.011466666666666667,0.003466666666666665
1989-02-28,-0.0031833333333333345,0.005816666666666667,0.007049999999999998,-0.0037499999999999986,0.005816666666666667
1989-03-31,0.009283333333333333,0.009183333333333333,-2.1666666666666592e-4,0.0039499999999999995,0.007716666666666667
1989-04-30,0.0084,0.0068000000000000005,-0.010133333333333333,-0.005199999999999999,0.011733333333333333
1989-05-31,0.006549999999999998,0.006549999999999998,0.009549999999999998,-0.004383333333333334,0.006749999999999999
1989-06-30,-0.0019166666666666666,0.00315,0.0066166666666666665,0.011049999999999999,-0.009283333333333331
1989-07-31,0.0118,0.0118,0.004966666666666668,0.0015666666666666676,-0.012133333333333335
1989-08-31,0.005016666666666666,0.002983333333333333,0.002983333333333333,-0.0045833333333333325,-0.0033833333333333332
1989-09-30,0.006533333333333333,0.006533333333333333,3.3333333333333365e-4,0.009066666666666666,0.009066666666666666
1989-10-31,-0.01131666666666667,8.499999999999997e-4,8.499999999999997e-4,-3.166666666666656e-4,8.499999999999997e-4
1989-11-30,-0.0012833333333333332,0.003316666666666667,0.005783333333333334,0.007516666666666667,0.004050000000000001
1989-12-31,0.005133333333333334,0.012966666666666668,0.005133333333333334,0.001433333333333334,0.004633333333333334
1990-01-31,-0.018133333333333335,-0.018133333333333335,-0.018133333333333335,0.007866666666666666,0.011899999999999999
1990-02-28,0.002916666666666667,0.002916666666666667,-6.5e-4,-9.166666666666664e-4,0.002916666666666667
1990-03-31,-6.166666666666659e-4,-0.0011499999999999993,-0.0011499999999999993,-0.005916666666666667,-0.005916666666666667
1990-04-30,-0.005366666666666668,0.005833333333333333,0.005833333333333333,-0.011299999999999998,0.015566666666666666
1990-05-31,0.008883333333333332,0.008883333333333332,0.0032833333333333325,0.016916666666666663,-0.019249999999999993
1990-06-30,-0.0011166666666666658,-0.009416666666666665,0.0021833333333333336,-0.0011166666666666658,-0.0018500000000000003
1990-07-31,0.006733333333333332,0.006733333333333332,0.006733333333333332,0.006733333333333332,0.0239
1990-08-31,0.020633333333333333,-0.01313333333333333,-0.01313333333333333,-0.01313333333333333,0.03326666666666667
1990-09-30,0.020466666666666664,1.9999999999999996e-4,1.9999999999999996e-4,0.0126,0.032966666666666665
1990-10-31,0.004616666666666666,0.010983333333333333,0.021483333333333337,0.004616666666666666,0.004616666666666666
1990-11-30,-0.031316666666666666,-0.010150000000000001,-0.012083333333333335,-3.166666666666676e-4,-0.031316666666666666
1990-12-31,-0.0042,0.004066666666666667,-0.0048000000000000004,0.009300000000000001,-0.013066666666666666
1991-01-31,-0.0035333333333333328,-0.0035333333333333328,-0.0035333333333333328,-0.03206666666666667,-0.019166666666666665
1991-02-28,0.02545,0.008783333333333329,-0.015250000000000001,-0.004616666666666667,-0.02865
1991-03-31,0.010633333333333333,0.010633333333333333,0.010633333333333333,-0.006633333333333331,0.003466666666666667
1991-04-30,1.6666666666667145e-5,0.0011833333333333338,9.833333333333337e-4,0.0011833333333333338,0.0039499999999999995
1991-05-31,0.004366666666666667,0.004833333333333332,0.006566666666666668,-0.007366666666666667,-0.007833333333333333
1991-06-30,-0.0021833333333333353,-0.0011833333333333342,-0.004783333333333333,-0.0011833333333333342,0.008450000000000001
1991-07-31,0.0106,-1.999999999999988e-4,0.0106,-0.008866666666666667,-0.0035333333333333328
1991-08-31,0.008433333333333333,7.000000000000006e-4,0.008433333333333333,7.000000000000006e-4,-0.002133333333333333
1991-09-30,-0.008,-0.002166666666666667,-0.0074333333333333335,-0.002166666666666667,-0.002133333333333334
1991-10-31,0.004900000000000001,0.004900000000000001,0.004900000000000001,0.004900000000000001,0.0032666666666666673
1991-11-30,-0.007816666666666668,-0.007816666666666668,-0.007816666666666668,-0.007816666666666668,0.00545
1991-12-31,-0.03406666666666666,0.021733333333333327,0.0322,0.03583333333333333,-0.018666666666666668
1992-01-31,0.018916666666666665,0.021416666666666664,0.021416666666666664,0.025316666666666664,-0.0033499999999999992
1992-02-29,0.01753333333333333,0.01753333333333333,0.013900000000000001,0.009566666666666664,0.013666666666666666
1992-03-31,0.002483333333333333,0.011349999999999999,-0.003583333333333334,0.005650000000000001,0.011349999999999999
1992-04-30,0.002,-0.0016333333333333332,0.021166666666666667,-0.0016333333333333332,-0.0035
1992-05-31,0.0018833333333333332,0.0010833333333333335,0.0020833333333333333,0.005116666666666667,4.166666666666666e-4
1992-06-30,-6.499999999999994e-4,-0.002549999999999999,0.003483333333333333,-0.002549999999999999,0.014616666666666668
1992-07-31,0.004533333333333334,0.007266666666666667,0.007266666666666667,0.007266666666666667,-0.007300000000000001
1992-08-31,-0.003849999999999999,-0.002549999999999999,-0.003849999999999999,-0.003849999999999999,-0.006816666666666665
1992-09-30,0.001599999999999999,0.004833333333333333,0.006399999999999999,0.006399999999999999,-0.004499999999999999
1992-10-31,0.006516666666666666,0.006516666666666666,0.006516666666666666,-4.499999999999996e-4,0.003116666666666667
1992-11-30,-0.006050000000000001,0.006883333333333331,0.006883333333333331,0.008683333333333331,-0.019850000000000003
1992-12-31,0.017433333333333332,0.017433333333333332,0.006833333333333333,0.014066666666666667,0.008633333333333333
1993-01-31,0.02443333333333333,0.02443333333333333,0.02443333333333333,0.0047666666666666664,0.021199999999999997
1993-02-28,0.01681666666666667,0.028050000000000002,0.01681666666666667,0.018383333333333335,0.027650000000000004
1993-03-31,0.013283333333333333,0.013283333333333333,0.013283333333333333,0.00525,0.006283333333333335
1993-04-30,-0.005433333333333334,0.0074333333333333335,-0.005433333333333334,0.017033333333333334,0.0074333333333333335
1993-05-31,-0.016116666666666668,6.833333333333339e-4,0.01565,0.0011500000000000006,-0.01495
1993-06-30,0.012733333333333333,0.013133333333333335,0.012733333333333333,0.013133333333333335,0.015166666666666667
1993-07-31,0.011533333333333333,0.008333333333333333,0.011533333333333333,0.011533333333333333,0.009466666666666667
1993-08-31,0.008133333333333334,0.008400000000000003,0.008400000000000003,-0.004266666666666668,-0.012466666666666668
1993-09-30,1.1666666666666654e-4,0.010183333333333334,0.01161666666666667,0.010183333333333334,-3.166666666666676e-4
1993-10-31,-0.006383333333333331,-0.007883333333333332,-0.0016833333333333325,-0.0016833333333333325,-0.014616666666666665
1993-11-30,-0.008233333333333334,-0.0126,-0.0020333333333333314,-0.0126,-0.0126
1993-12-31,0.010616666666666668,6.166666666666664e-4,0.0052833333333333335,0.010616666666666668,0.005116666666666667
1994-01-31,0.006466666666666666,0.006466666666666666,0.006633333333333332,-0.011399999999999999,0.002033333333333333
1994-02-28,-0.0010833333333333328,-0.0010833333333333328,-0.0013166666666666674,-0.009816666666666666,-0.0010833333333333328
1994-03-31,-0.0022833333333333325,-0.005716666666666668,-0.0022833333333333325,-0.007883333333333334,0.010249999999999997
1994-04-30,0.006433333333333333,0.006433333333333333,0.0075,0.002933333333333333,0.004166666666666667
1994-05-31,0.004766666666666668,-0.005466666666666666,0.004766666666666668,-0.003533333333333333,-0.007599999999999999
1994-06-30,0.0045000000000000005,0.0099,-2.3333333333333336e-4,-0.0037333333333333337,0.005733333333333333
1994-07-31,-0.007916666666666666,0.008083333333333333,0.006049999999999999,0.00405,-0.007916666666666666
1994-08-31,-0.011683333333333332,0.006516666666666666,0.006516666666666666,0.015016666666666664,-0.01495
1994-09-30,0.0026000000000000003,-0.006433333333333335,-0.006433333333333335,0.008633333333333333,0.008333333333333331
1994-10-31,0.00445,-0.00295,0.00445,-0.007449999999999999,-0.0019166666666666672
1994-11-30,0.005066666666666667,-0.008366666666666666,-0.0038666666666666676,-0.008066666666666668,0.003766666666666667
1994-12-31,0.005516666666666667,0.005516666666666667,0.008216666666666667,0.006883333333333334,0.008516666666666667
1995-01-31,-0.0016999999999999995,-0.0016999999999999995,0.008533333333333332,-0.0082,-9.99999999999994e-5
1995-02-28,-0.00565,0.00645,0.00645,0.004416666666666666,-0.004016666666666667
1995-03-31,1.3333333333333353e-4,0.0019,1.3333333333333353e-4,1.3333333333333353e-4,-0.005399999999999999
1995-04-30,0.004783333333333334,0.011816666666666665,0.01095,0.01095,0.003350000000000001
1995-05-31,0.012033333333333333,0.011999999999999999,0.0048,0.0048,0.0023666666666666662
1995-06-30,0.006033333333333332,0.006033333333333332,0.006033333333333332,0.006033333333333332,-0.013200000000000002
1995-07-31,0.0020833333333333333,0.00915,0.00915,0.0020833333333333333,-0.003950000000000001
1995-08-31,0.003166666666666667,0.008833333333333334,0.008833333333333334,0.008833333333333334,0.0109
1995-09-30,0.015600000000000001,0.009399999999999999,0.009399999999999999,-0.005099999999999998,0.009766666666666667
1995-10-31,-1.166666666666677e-4,0.013449999999999998,-1.166666666666677e-4,0.0015166666666666662,-0.0015166666666666662
1995-11-30,-0.004449999999999999,0.0052166666666666655,0.0052166666666666655,0.010649999999999998,-0.009716666666666663
1995-12-31,0.009983333333333332,0.006516666666666667,0.007816666666666666,0.006516666666666667,0.009183333333333333
1996-01-31,0.00535,0.014149999999999998,-0.0023166666666666665,0.00535,-0.00305
1996-02-29,-0.008850000000000002,0.011283333333333333,-0.004416666666666667,-0.00295,5.5e-4
1996-03-31,0.0022666666666666655,-0.005400000000000001,-0.0029333333333333342,8.666666666666661e-4,-1.9999999999999996e-4
1996-04-30,-0.01631666666666667,-0.007483333333333332,-0.01631666666666667,-6.49999999999999e-4,-6.49999999999999e-4
1996-05-31,0.010016666666666669,0.010016666666666669,-0.008616666666666668,-7.500000000000001e-4,0.002150000000000001
1996-06-30,0.0054166666666666695,0.01765,0.0054166666666666695,-0.0024833333333333335,0.009883333333333334
1996-07-31,0.0014666666666666667,0.014066666666666667,0.0014666666666666667,-0.01583333333333333,0.011666666666666667
1996-08-31,-0.015066666666666667,-0.005833333333333334,0.002766666666666667,0.004033333333333332,-0.006466666666666667
1996-09-30,-0.012199999999999997,0.0045,0.0092,0.020733333333333333,-0.011833333333333333
1996-10-31,0.02935,0.016716666666666668,0.016716666666666668,0.016716666666666668,0.013816666666666666
1996-11-30,0.004750000000000001,0.017483333333333337,0.004750000000000001,0.004750000000000001,-0.02295
1996-12-31,0.008366666666666666,-0.0022666666666666664,0.008366666666666666,-0.0022666666666666664,0.013266666666666664
1997-01-31,0.013949999999999999,0.007883333333333332,0.013949999999999999,0.007883333333333332,0.013949999999999999
1997-02-28,0.007666666666666666,0.016133333333333336,0.016133333333333336,0.007666666666666666,-9.666666666666678e-4
1997-03-31,0.001266666666666668,0.0026333333333333347,0.018,0.001266666666666668,0.018
1997-04-30,0.009183333333333333,0.014716666666666668,0.009183333333333333,0.016983333333333333,0.009183333333333333
1997-05-31,-0.04085,-0.0028166666666666687,-0.0028166666666666687,-0.018416666666666668,-0.025250000000000005
1997-06-30,0.01718333333333333,0.013283333333333333,0.01568333333333333,0.013283333333333333,0.0016500000000000004
1997-07-31,0.01916666666666667,0.01916666666666667,0.010033333333333333,0.010033333333333333,-0.014933333333333335
1997-08-31,-0.0237,0.0012999999999999997,-0.0237,-0.0237,0.018333333333333337
1997-09-30,0.011683333333333332,0.0034166666666666655,0.011683333333333332,0.01088333333333333,0.006816666666666665
1997-10-31,0.0021833333333333327,0.0021833333333333327,-0.006383333333333334,3.166666666666658e-4,0.010516666666666667
1997-11-30,0.007316666666666667,0.01405,-0.00295,-0.002516666666666666,-0.012916666666666667
1997-12-31,0.015850000000000003,0.018283333333333335,0.02281666666666667,-0.003116666666666667,0.009183333333333333
1998-01-31,-0.0041333333333333335,-0.0041333333333333335,1.3333333333333375e-4,-0.0041333333333333335,-0.0033666666666666667
1998-02-28,0.003366666666666667,0.0032,0.003366666666666667,0.006466666666666668,-0.018866666666666667
1998-03-31,0.011266666666666666,0.013699999999999999,0.011266666666666666,0.009099999999999999,-0.0027666666666666673
1998-04-30,8.000000000000004e-4,8.333333333333335e-4,8.000000000000004e-4,8.333333333333335e-4,-0.0016333333333333332
1998-05-31,0.004616666666666667,0.024783333333333334,0.004616666666666667,0.0011833333333333342,0.014783333333333334
1998-06-30,0.0025666666666666663,0.0039000000000000007,0.0025666666666666663,0.0025666666666666663,-0.008133333333333333
1998-07-31,-0.005433333333333334,0.0119,-0.005433333333333334,-0.005433333333333334,0.002633333333333333
1998-08-31,0.005866666666666666,-0.010699999999999996,-0.010699999999999996,-0.010699999999999996,0.042800000000000005
1998-09-30,-0.005899999999999999,0.015266666666666666,-7.666666666666658e-4,-0.005899999999999999,-0.026533333333333336
1998-10-31,-0.004966666666666666,0.006233333333333331,-0.004966666666666666,-0.004966666666666666,-0.017033333333333334
1998-11-30,0.01306666666666667,0.004799999999999999,0.004799999999999999,0.004799999999999999,-0.01796666666666667
1998-12-31,0.008866666666666667,-0.006633333333333336,0.013866666666666666,-0.011633333333333336,0.011166666666666665
1999-01-31,-0.0109,-0.0109,-0.013633333333333332,-0.013633333333333332,-0.025199999999999997
1999-02-28,-0.007616666666666667,-0.007616666666666667,0.009550000000000001,-0.007616666666666667,0.010083333333333335
1999-03-31,-0.0018166666666666667,-0.016383333333333337,-0.0076833333333333345,-0.013416666666666665,-0.0028833333333333337
1999-04-30,-0.013983333333333334,-0.013983333333333334,0.0010833333333333344,-0.02845,0.0010833333333333344
1999-05-31,-0.008066666666666665,-0.008066666666666665,0.004433333333333334,0.012633333333333335,0.004433333333333334
1999-06-30,0.010950000000000001,0.00315,0.03138333333333333,0.010950000000000001,-0.01585
1999-07-31,-0.0015833333333333335,-0.004016666666666666,0.006883333333333334,0.010050000000000002,0.006883333333333334
1999-08-31,0.0030500000000000006,0.0030500000000000006,-0.0025166666666666658,-0.0025166666666666658,-0.0025166666666666658
1999-09-30,0.0030333333333333336,0.005366666666666666,-0.006199999999999997,0.0020666666666666667,0.014499999999999999
1999-10-31,0.021949999999999997,0.021949999999999997,-0.001816666666666669,-0.001816666666666669,-0.022116666666666663
1999-11-30,0.004866666666666668,0.004866666666666668,0.010866666666666669,0.004866666666666668,-0.011533333333333331
1999-12-31,0.0072833333333333335,-0.009716666666666665,0.0072833333333333335,0.0072833333333333335,0.008416666666666668
2000-01-31,-0.016333333333333335,-0.002300000000000003,-0.016333333333333335,-0.002300000000000003,0.013499999999999998
2000-02-29,-0.0464,-0.0464,0.015133333333333334,-0.0464,0.07013333333333334
2000-03-31,0.05474999999999999,0.037383333333333324,0.002950000000000008,-0.03588333333333333,-0.025383333333333324
2000-04-30,0.016583333333333335,0.016583333333333335,0.016583333333333335,7.500000000000007e-4,0.021916666666666668
2000-05-31,-0.011883333333333334,9.833333333333337e-4,-0.011883333333333334,-0.011883333333333334,0.0021166666666666625
2000-06-30,-0.013600000000000001,0.019566666666666666,0.019566666666666666,-0.013600000000000001,0.04636666666666666
2000-07-31,0.0251,0.0251,0.021966666666666673,0.03336666666666666,0.021966666666666673
2000-08-31,0.014083333333333331,0.014083333333333331,0.014083333333333331,0.014083333333333331,-0.006183333333333333
2000-09-30,0.019433333333333334,0.020333333333333332,0.020333333333333332,0.019433333333333334,0.014333333333333332
2000-10-31,0.02345,0.014849999999999997,0.02345,-0.007683333333333329,0.014849999999999997
2000-11-30,0.03403333333333334,0.03403333333333334,0.0352,0.03403333333333334,0.0697
2000-12-31,0.03133333333333333,0.042199999999999994,0.042199999999999994,0.021,0.017033333333333334
2001-01-31,-0.05388333333333333,-0.07131666666666667,-0.05388333333333333,-0.07131666666666667,-0.06471666666666666
2001-02-28,0.0501,0.029633333333333334,0.0501,0.059666666666666666,0.08353333333333335
2001-03-31,0.021,0.028766666666666673,0.028766666666666673,0.021,0.05293333333333333
2001-04-30,-0.019933333333333334,-0.017,-0.019933333333333334,-0.009333333333333334,-0.028
2001-05-31,0.008166666666666668,0.008166666666666668,0.02,0.02,0.02
2001-06-30,0.006683333333333334,-0.015616666666666666,0.006683333333333334,0.006683333333333334,0.006683333333333334
2001-07-31,0.02591666666666667,0.035583333333333335,0.02605,0.02605,0.008849999999999998
2001-08-31,0.0162,0.002900000000000001,0.024666666666666667,0.024666666666666667,0.0333
2001-09-30,0.029633333333333334,0.010500000000000004,0.010500000000000004,0.010500000000000004,0.0413
2001-10-31,-0.018683333333333333,-0.04305,-0.04305,-0.025249999999999998,-0.051316666666666656
2001-11-30,-0.0073999999999999995,-0.0018000000000000006,-0.0313,-0.006199999999999997,0.004233333333333335
2001-12-31,0.012583333333333337,-0.004450000000000001,-0.004450000000000001,0.012583333333333337,-0.010683333333333335
2002-01-31,0.010416666666666666,0.019850000000000003,0.024116666666666665,0.024116666666666665,0.01315
2002-02-28,0.033999999999999996,0.03273333333333333,0.03273333333333333,0.03273333333333333,0.013566666666666666
2002-03-31,-0.0028166666666666665,-0.0028166666666666665,0.011016666666666668,0.011016666666666668,0.0029833333333333344
2002-04-30,0.01635,-0.0014833333333333341,0.03844999999999999,0.01635,0.040516666666666666
2002-05-31,0.010899999999999998,0.0186,0.008366666666666666,0.008366666666666666,0.005200000000000001
2002-06-30,0.0036666666666666666,0.0036666666666666666,0.016200000000000003,0.007333333333333333,0.014700000000000003
2002-07-31,0.0016666666666666646,0.0016666666666666646,-0.019433333333333334,-0.019433333333333334,0.016166666666666666
2002-08-31,0.011049999999999999,0.011049999999999999,0.011049999999999999,0.006783333333333333,5.500000000000001e-4
2002-09-30,-0.0032500000000000007,-0.0032500000000000007,-0.0032500000000000007,0.006916666666666666,0.030416666666666665
2002-10-31,5.999999999999986e-4,5.999999999999986e-4,-0.013699999999999999,-0.013699999999999999,-0.015
2002-11-30,-0.0311,-0.0213,-0.0213,-0.0213,-0.010333333333333333
2002-12-31,0.01675,0.018583333333333337,0.018583333333333337,0.018583333333333337,0.014883333333333333
2003-01-31,-0.004533333333333333,-0.002166666666666666,-0.002166666666666666,-0.002166666666666666,0.0095
2003-02-28,-0.0017499999999999998,-0.004649999999999999,0.002150000000000001,-0.004383333333333334,0.0016166666666666662
2003-03-31,7.999999999999995e-4,0.010399999999999998,7.999999999999995e-4,0.003366666666666666,-2.666666666666665e-4
2003-04-30,0.011416666666666667,-0.00798333333333333,-0.004183333333333333,-0.004183333333333333,-0.019649999999999997
2003-05-31,0.01798333333333334,-0.021083333333333332,-0.005149999999999999,-0.021083333333333332,-0.002183333333333331
2003-06-30,-0.0036000000000000003,-0.002133333333333334,0.003366666666666667,0.003366666666666667,-0.002833333333333333
2003-07-31,-0.010450000000000001,-0.010450000000000001,-0.010450000000000001,0.0042166666666666654,-0.0035500000000000006
2003-08-31,0.017083333333333336,0.009449999999999998,0.0015499999999999993,-0.006216666666666668,0.009449999999999998
2003-09-30,-7.166666666666666e-4,7.166666666666668e-4,-7.166666666666666e-4,0.0011833333333333333,0.0011833333333333333
2003-10-31,0.029933333333333336,0.016566666666666664,0.016566666666666664,0.0092,0.009666666666666665
2003-11-30,0.013683333333333334,0.006683333333333334,0.006683333333333334,0.00865,0.0021833333333333336
2003-12-31,-0.0032833333333333312,0.006983333333333334,0.006983333333333334,-0.006416666666666665,-0.015683333333333334
2004-01-31,0.019350000000000003,0.007349999999999999,0.007349999999999999,0.01555,0.008383333333333333
2004-02-29,-0.0019999999999999996,4.333333333333342e-4,0.0020333333333333336,0.0020333333333333336,-0.0026333333333333326
2004-03-31,-0.002366666666666667,0.003133333333333333,-0.0039000000000000003,0.003133333333333333,0.0020333333333333323
2004-04-30,-0.024366666666666665,-0.0197,-0.0197,-0.012833333333333334,-0.013633333333333332
2004-05-31,0.0028833333333333337,0.0028833333333333337,0.0015500000000000004,0.0015500000000000004,-0.0023833333333333332
2004-06-30,0.005733333333333333,0.014133333333333333,0.014133333333333333,0.014133333333333333,0.014133333333333333
2004-07-31,-0.021449999999999997,-0.004083333333333333,-0.004083333333333333,-0.004083333333333333,0.009383333333333334
2004-08-31,-0.00285,0.0010833333333333337,0.0023166666666666665,-0.00285,-0.003116666666666667
2004-09-30,0.016700000000000003,9.999999999999998e-4,9.999999999999998e-4,0.011733333333333332,0.0064
2004-10-31,0.0013666666666666664,-9.000000000000003e-4,-0.005633333333333333,-4.0000000000000045e-4,-0.0051333333333333335
2004-11-30,0.007266666666666667,0.007266666666666667,0.021,0.021,0.0059
2004-12-31,0.0029166666666666664,-5.166666666666682e-4,-5.166666666666682e-4,-5.166666666666682e-4,-0.012016666666666667
2005-01-31,-0.005083333333333333,0.0042499999999999994,0.00795,0.00795,0.004083333333333334
2005-02-28,0.01355,0.01255,0.01255,0.01255,0.01255
2005-03-31,0.006266666666666667,0.012699999999999998,0.006266666666666667,0.001566666666666667,0.001566666666666667
2005-04-30,0.001266666666666666,0.0014333333333333327,-0.0118,-0.0118,-0.0118
2005-05-31,-1.0000000000000026e-4,0.012499999999999997,-0.0030666666666666668,0.009099999999999999,0.012499999999999997
2005-06-30,0.004233333333333333,0.015099999999999997,0.004233333333333333,0.015099999999999997,0.013166666666666667
2005-07-31,-0.0026000000000000003,0.006599999999999999,0.006599999999999999,0.006599999999999999,-0.0025
2005-08-31,-5.166666666666665e-4,0.0026166666666666664,0.0026166666666666664,-5.166666666666665e-4,-5.166666666666665e-4
2005-09-30,0.005166666666666667,0.007799999999999999,0.007799999999999999,0.0067666666666666665,0.0067666666666666665
2005-10-31,0.0013666666666666669,-0.011866666666666666,-0.005433333333333334,-0.010433333333333334,-0.010433333333333334
2005-11-30,0.0029666666666666665,-3.333333333333342e-5,0.0029666666666666665,0.0029666666666666665,-0.009066666666666666
2005-12-31,0.0013666666666666669,0.002166666666666667,7.000000000000001e-4,0.0013666666666666669,0.0029999999999999996
2006-01-31,-4.999999999999999e-4,0.011033333333333334,-4.999999999999999e-4,0.018933333333333333,0.018933333333333333
2006-02-28,1.833333333333334e-4,-0.007916666666666667,-8.166666666666669e-4,-0.00235,-0.00235
2006-03-31,0.010450000000000001,-6.833333333333339e-4,0.010450000000000001,-6.833333333333339e-4,0.00555
2006-04-30,0.009983333333333332,0.0075499999999999986,0.0024500000000000004,0.007349999999999999,0.007349999999999999
2006-05-31,0.012633333333333335,-0.008899999999999998,7.666666666666667e-4,-0.008899999999999998,-0.008899999999999998
2006-06-30,0.0069500000000000004,0.00545,-1.4999999999999966e-4,0.005816666666666667,0.00615
2006-07-31,0.004366666666666668,0.009800000000000001,-0.002200000000000001,0.009800000000000001,-0.005066666666666667
2006-08-31,0.0018666666666666682,-0.012433333333333333,-0.005666666666666667,-0.004166666666666667,0.0023333333333333344
2006-09-30,-2.1666666666666652e-4,-0.0013166666666666667,0.0012833333333333336,0.005916666666666667,-0.007449999999999998
2006-10-31,0.00805,0.00805,0.00145,0.008416666666666666,-0.002683333333333334
2006-11-30,-8.833333333333332e-4,-0.007216666666666666,0.001216666666666667,-0.00445,0.001083333333333333
2006-12-31,0.010700000000000001,0.010166666666666666,0.010700000000000001,0.008,0.008
2007-01-31,0.0024,0.002466666666666667,0.0024,0.002466666666666667,0.002466666666666667
2007-02-28,-0.009733333333333335,-0.0053,-0.0053,-0.009466666666666667,0.001233333333333333
2007-03-31,0.003583333333333333,0.0022166666666666667,0.003583333333333333,0.004050000000000001,0.004050000000000001
2007-04-30,-0.0013666666666666669,0.008133333333333334,0.010266666666666669,0.0033333333333333335,-0.0083
2007-05-31,-1.3333333333333266e-4,0.003666666666666667,0.004766666666666667,0.004766666666666667,-0.006033333333333334
2007-06-30,-0.004399999999999999,-0.0020666666666666667,-0.004399999999999999,0.0044666666666666665,0.0014333333333333333
2007-07-31,-0.014183333333333334,-0.0040166666666666675,-0.014183333333333334,-0.014183333333333334,-0.014183333333333334
2007-08-31,-9.833333333333339e-4,-0.004116666666666667,-0.005216666666666667,-0.005216666666666667,-0.00835
2007-09-30,-6.49999999999999e-4,-6.49999999999999e-4,-6.49999999999999e-4,-6.49999999999999e-4,-0.0032499999999999994
2007-10-31,0.006183333333333335,0.005883333333333333,0.007183333333333333,1.1666666666666885e-4,0.006083333333333334
2007-11-30,-7.833333333333326e-4,-0.010483333333333332,-0.010483333333333332,-0.010483333333333332,0.005516666666666667
2007-12-31,0.00805,0.00805,0.008649999999999998,0.008649999999999998,0.008649999999999998
2008-01-31,-0.01085,-0.01085,-0.00875,-0.00875,0.01021666666666667
2008-02-29,0.0051,0.0029666666666666674,0.0029666666666666674,-5.999999999999998e-4,0.015400000000000002
2008-03-31,0.006283333333333334,0.007316666666666668,0.009283333333333333,0.009283333333333333,0.010450000000000001
2008-04-30,0.01795,-0.00915,0.0023500000000000014,-0.003683333333333333,-0.00915
2008-05-31,0.0029666666666666674,0.010033333333333333,0.006866666666666667,-0.0032666666666666677,0.0131
2008-06-30,0.008166666666666671,0.012033333333333339,0.012033333333333339,0.008166666666666671,0.012033333333333339
2008-07-31,-0.007749999999999999,0.004616666666666667,0.004616666666666667,-0.007749999999999999,0.004616666666666667
2008-08-31,-0.008766666666666667,0.00723333333333333,0.002133333333333331,0.00723333333333333,-0.0088
2008-09-30,0.0027500000000000007,0.0027500000000000007,0.0014833333333333348,0.0014833333333333348,0.03391666666666667
2008-10-31,-0.01695,-0.01065,-0.006749999999999995,-0.01695,-0.01695
2008-11-30,-0.006016666666666666,-0.006016666666666666,0.007316666666666666,-0.006016666666666666,0.03311666666666667
2008-12-31,-0.0023833333333333324,-0.002549999999999999,-0.013483333333333333,-0.0023833333333333324,-0.008283333333333332
2009-01-31,-0.0412,-0.0412,-0.0412,-0.03423333333333333,-0.0412
2009-02-28,-0.021933333333333336,0.01576666666666667,-0.021933333333333336,0.006033333333333334,-0.021933333333333336
2009-03-31,-0.005550000000000002,-0.005550000000000002,-0.007516666666666669,-0.035583333333333335,-0.005550000000000002
2009-04-30,-0.016350000000000007,-0.018016666666666677,-0.016350000000000007,-0.016350000000000007,-0.016350000000000007
2009-05-31,-0.019933333333333334,-0.017233333333333333,-0.012466666666666662,-0.012466666666666662,-0.019933333333333334
2009-06-30,0.006000000000000001,0.010700000000000001,-0.0029666666666666648,-0.0015666666666666665,0.0046
2009-07-31,0.02036666666666666,0.012666666666666665,0.012666666666666665,0.02036666666666666,-0.0054333333333333326
2009-08-31,0.0036333333333333356,0.0036333333333333356,0.013133333333333335,0.0039666666666666696,0.0036333333333333356
2009-09-30,0.0076166666666666666,0.0076166666666666666,-0.00145,0.0076166666666666666,-0.0059833333333333336
2009-10-31,-0.010566666666666669,0.0195,-0.010566666666666669,-0.0020666666666666663,-0.010566666666666669
2009-11-30,0.0063,0.015500000000000002,0.0063,0.0063,-0.012299999999999998
2009-12-31,0.020649999999999998,1.8333333333333396e-4,0.020649999999999998,0.020649999999999998,0.011516666666666666
2010-01-31,-0.014199999999999999,-0.014199999999999999,-0.015533333333333335,-0.004133333333333332,5.666666666666679e-4
2010-02-28,0.021466666666666672,0.0165,0.021466666666666672,0.021466666666666672,0.021466666666666672
2010-03-31,0.025033333333333335,0.025033333333333335,0.018933333333333333,-0.002066666666666666,0.025033333333333335
2010-04-30,0.0237,0.009200000000000002,0.02573333333333333,0.009200000000000002,0.019066666666666666
2010-05-31,-0.020066666666666667,-0.016,0.010599999999999998,-0.016,-0.015733333333333335
2010-06-30,-0.020433333333333335,-0.0229,-0.0018666666666666682,-0.0285,-0.0285
2010-07-31,0.017249999999999998,0.01065,0.01738333333333333,0.017249999999999998,-0.0056833333333333345
2010-08-31,-0.001999999999999998,-0.019533333333333333,-0.01753333333333333,-0.0073333333333333315,-0.001633333333333335
2010-09-30,0.007416666666666668,0.029016666666666673,0.01958333333333333,0.01958333333333333,-0.012250000000000002
2010-10-31,0.005066666666666666,0.0075,0.0075,0.005066666666666666,-0.0053999999999999986
2010-11-30,0.0016499999999999993,0.012383333333333335,0.013450000000000002,0.013450000000000002,0.011483333333333333
2010-12-31,0.013499999999999998,-0.012466666666666668,0.013499999999999998,-0.012466666666666668,0.013499999999999998
2011-01-31,0.007949999999999999,2.4999999999999995e-4,2.4999999999999995e-4,0.007949999999999999,-0.006349999999999999
2011-02-28,0.012000000000000002,0.012000000000000002,0.012000000000000002,0.012000000000000002,3.999999999999999e-4
2011-03-31,0.0019499999999999997,0.008950000000000001,0.010483333333333336,0.0019499999999999997,0.008950000000000001
2011-04-30,0.002166666666666667,-0.0033333333333333335,4.000000000000004e-4,4.000000000000004e-4,4.000000000000004e-4
2011-05-31,-0.004183333333333334,-0.002350000000000001,-0.004183333333333334,-0.006583333333333333,-0.006583333333333333
2011-06-30,0.0011166666666666677,0.0013166666666666676,0.0013166666666666676,0.0013166666666666676,0.007116666666666667
2011-07-31,-0.0016666666666666661,-0.0143,-0.005366666666666666,-0.005366666666666666,0.002466666666666667
2011-08-31,-0.004033333333333334,-0.0257,-0.014333333333333332,-0.014333333333333332,0.005533333333333334
2011-09-30,-0.009783333333333333,-0.021416666666666667,-0.021416666666666667,-0.009783333333333333,-0.0028166666666666665
2011-10-31,0.006283333333333334,0.017116666666666665,0.017116666666666665,0.017116666666666665,0.017116666666666665
2011-11-30,0.010283333333333334,0.011283333333333334,0.010283333333333334,0.010283333333333334,0.011183333333333332
2011-12-31,0.013233333333333333,0.013233333333333333,0.010733333333333333,0.012266666666666667,0.012266666666666667
2012-01-31,-0.01575,-0.009016666666666668,0.017683333333333332,-0.009016666666666668,-0.022750000000000003
2012-02-29,0.00965,0.002683333333333335,0.00965,0.004083333333333335,0.002683333333333335
2012-03-31,0.0087,0.0103,-0.001666666666666667,0.0087,-0.001666666666666667
2012-04-30,0.007616666666666667,0.007616666666666667,0.00595,0.00595,0.00875
2012-05-31,0.0063166666666666675,0.0063166666666666675,0.00605,0.00605,0.0051499999999999975
2012-06-30,0.0030833333333333338,0.006049999999999999,0.0030833333333333338,0.006049999999999999,-0.0069500000000000004
2012-07-31,0.01265,0.01265,6.499999999999983e-4,0.003283333333333333,-0.009350000000000002
2012-08-31,-0.0023000000000000004,-8.333333333333335e-4,-0.0023000000000000004,-8.333333333333335e-4,0.006999999999999999
2012-09-30,-0.0042499999999999994,0.0067500000000000025,0.00485,-0.0023499999999999997,0.010516666666666669
2012-10-31,0.003500000000000001,0.006266666666666667,0.003500000000000001,0.003500000000000001,0.009200000000000002
2012-11-30,0.0020666666666666667,0.0034000000000000002,0.0020666666666666667,0.0034000000000000002,7.999999999999999e-4
2012-12-31,0.004549999999999999,0.004549999999999999,-0.0018500000000000003,0.004549999999999999,6.166666666666652e-4
2013-01-31,0.006416666666666665,0.00781666666666667,0.006416666666666665,0.00781666666666667,-0.004683333333333334
2013-02-28,6.999999999999998e-4,0.005,0.005,0.004166666666666667,6.666666666666655e-5
2013-03-31,0.013816666666666666,0.013816666666666666,0.010883333333333333,0.013816666666666666,0.007416666666666669
2013-04-30,0.001333333333333333,0.001333333333333333,5.999999999999996e-4,0.001333333333333333,-0.0051666666666666675
2013-05-31,-0.0025333333333333328,-0.0025333333333333328,-0.0025333333333333328,0.004266666666666667,0.010966666666666666
2013-06-30,6.333333333333333e-4,-5.000000000000001e-4,-0.0045000000000000005,6.333333333333333e-4,-8e-4
2013-07-31,0.013566666666666666,0.014900000000000002,-0.009766666666666668,0.014900000000000002,0.009100000000000002
2013-08-31,-0.011383333333333334,-0.011383333333333334,-0.011483333333333333,-0.011483333333333333,-0.0024500000000000012
2013-09-30,0.0018333333333333333,0.010666666666666666,0.0018333333333333333,0.010666666666666666,5.999999999999993e-4
2013-10-31,0.017583333333333336,0.012583333333333335,0.017583333333333336,0.008516666666666667,-0.010549999999999999
2013-11-30,0.0043,0.0091,0.0091,-0.0013000000000000002,0.0078000000000000005
2013-12-31,0.003133333333333332,-0.004733333333333333,0.004333333333333333,0.003133333333333332,0.003066666666666666
2014-01-31,-0.0032166666666666667,-0.016216666666666667,-0.016216666666666667,-0.0032166666666666667,-0.019583333333333335
2014-02-28,0.009233333333333331,0.009666666666666665,0.009233333333333331,0.009666666666666665,0.0105
2014-03-31,0.01185,0.008083333333333333,0.006716666666666666,-0.00825,0.017616666666666666
2014-04-30,-0.004216666666666666,0.009350000000000002,0.009350000000000002,-0.008283333333333332,0.008516666666666667
2014-05-31,0.006066666666666668,-1.333333333333334e-4,0.006066666666666668,-1.333333333333334e-4,-0.0028
2014-06-30,-0.007083333333333334,-0.007083333333333334,-0.007083333333333334,0.0031166666666666656,-0.001649999999999999
2014-07-31,0.005600000000000001,-0.0084,0.005600000000000001,-0.0084,-0.007833333333333333
2014-08-31,0.004800000000000001,0.004800000000000001,0.0057666666666666665,0.0057666666666666665,-0.011133333333333334
2014-09-30,0.0024000000000000002,-0.009800000000000001,-0.009800000000000001,-0.009800000000000001,-0.0032666666666666664
2014-10-31,-0.0052833333333333335,-0.0052833333333333335,0.006916666666666666,0.006916666666666666,0.008916666666666665
2014-11-30,0.006883333333333334,-7.833333333333329e-4,0.006883333333333334,-7.833333333333329e-4,-0.009316666666666666
2014-12-31,0.009366666666666667,-6.666666666666685e-5,0.009366666666666667,0.006366666666666666,0.006100000000000001
2015-01-31,-0.003216666666666665,-0.0063166666666666675,-0.003216666666666665,-0.0063166666666666675,0.003983333333333333
2015-02-28,-0.0032666666666666677,-0.0020666666666666667,-0.0020666666666666667,-0.0020666666666666667,-0.022533333333333332
2015-03-31,-3.666666666666668e-4,-0.003999999999999999,-0.003999999999999999,0.006266666666666667,-0.0014666666666666671
2015-04-30,-0.004049999999999999,-0.004049999999999999,-0.014083333333333331,-0.014083333333333331,0.00815
2015-05-31,0.004233333333333332,0.006966666666666665,0.006966666666666665,0.006966666666666665,0.0023666666666666662
2015-06-30,-0.006899999999999999,0.009066666666666666,-0.005733333333333331,0.003933333333333333,-0.003366666666666667
2015-07-31,0.02451666666666667,0.016383333333333337,0.0011166666666666686,0.0011166666666666686,-0.004116666666666662
2015-08-31,-0.006283333333333332,-0.006283333333333332,-0.005316666666666667,-0.005316666666666667,0.01975
2015-09-30,0.011233333333333333,0.021433333333333332,0.0019,0.0019,0.012100000000000001
2015-10-31,0.012849999999999999,0.012849999999999999,0.0059833333333333336,0.0059833333333333336,-0.01985
2015-11-30,-0.009533333333333331,0.008333333333333333,-0.007633333333333332,0.0014666666666666667,-0.0028333333333333335
2015-12-31,0.010550000000000002,-0.00645,-0.00645,-0.00645,7.166666666666663e-4
2016-01-31,0.012016666666666667,5.500000000000007e-4,5.500000000000007e-4,5.500000000000007e-4,0.019683333333333334
2016-02-29,-0.001083333333333333,0.0018166666666666667,0.0018166666666666667,0.0018166666666666667,0.005516666666666666
2016-03-31,0.0047,0.0047,0.008033333333333335,0.008033333333333335,0.001666666666666666
2016-04-30,-0.009966666666666667,0.0025666666666666637,-0.006933333333333336,-0.0058666666666666685,0.006366666666666667
2016-05-31,-0.002316666666666667,-0.002316666666666667,-0.004383333333333334,-0.004383333333333334,-0.009283333333333333
2016-06-30,0.009349999999999999,0.010750000000000001,0.009349999999999999,0.010750000000000001,0.01085
2016-07-31,-0.004883333333333333,0.00335,0.00335,0.00335,0.0012500000000000011
2016-08-31,-0.006033333333333334,-5.000000000000004e-4,-5.000000000000004e-4,-5.000000000000004e-4,0.004033333333333334
2016-09-30,-0.007699999999999999,0.0023,-0.007699999999999999,-0.0016666666666666661,-0.003433333333333332
2016-10-31,0.013116666666666665,-2.8333333333333135e-4,0.013116666666666665,-2.8333333333333135e-4,-0.0019833333333333313
2016-11-30,0.008133333333333333,0.008133333333333333,0.031333333333333324,0.031333333333333324,0.015166666666666667
2016-12-31,0.010616666666666668,0.00915,0.010616666666666668,0.010616666666666668,0.0045833333333333325
2017-01-31,-0.007933333333333334,-0.007933333333333334,-0.003133333333333334,-0.014400000000000001,-0.004833333333333333
2017-02-28,0.002483333333333333,0.002483333333333333,-0.005183333333333334,-0.005183333333333334,-1.5000000000000053e-4
2017-03-31,-0.008666666666666668,-0.0061666666666666675,-0.0061666666666666675,-0.0061666666666666675,-0.006733333333333334
2017-04-30,-0.007149999999999999,-0.001183333333333333,1.8333333333333353e-4,1.8333333333333353e-4,-0.009383333333333334
2017-05-31,0.001783333333333334,-0.008183333333333334,0.001783333333333334,-0.008183333333333334,-0.013183333333333333
2017-06-30,0.0041333333333333335,0.011666666666666665,-0.004266666666666666,0.0041333333333333335,0.0015333333333333334
2017-07-31,0.0067,0.0067,0.001233333333333333,0.001233333333333333,-0.0042
2017-08-31,0.001683333333333333,-0.005083333333333335,-0.004416666666666667,-0.004416666666666667,-0.01605
2017-09-30,-6.33333333333333e-4,-0.008933333333333333,0.015233333333333333,0.015233333333333333,0.009233333333333331
2017-10-31,0.010466666666666666,0.004099999999999999,0.010466666666666666,0.004099999999999999,-0.010366666666666668
2017-11-30,0.007999999999999998,0.007999999999999998,0.007999999999999998,0.007999999999999998,-0.0024000000000000007
2017-12-31,0.0027833333333333334,0.001716666666666666,0.005216666666666667,0.001716666666666666,0.006716666666666667
2018-01-31,0.01625,0.01625,0.005550000000000002,0.005550000000000002,-0.026649999999999997
2018-02-28,-0.005383333333333335,-0.005383333333333335,-0.004250000000000001,-0.004250000000000001,-0.01651666666666667
2018-03-31,-0.013099999999999999,-0.012833333333333334,-7.999999999999998e-4,-7.999999999999998e-4,0.011033333333333334
2018-04-30,-0.001333333333333333,-0.001333333333333333,0.0016333333333333336,0.0016333333333333336,-8.333333333333332e-4
2018-05-31,-0.0013666666666666677,0.007733333333333335,0.007733333333333335,-0.007966666666666667,-0.005299999999999999
2018-06-30,-0.007066666666666668,-0.0064,-0.003833333333333333,-0.003833333333333333,-0.003833333333333333
2018-07-31,0.010050000000000002,0.010050000000000002,0.010050000000000002,0.0036166666666666673,-0.002283333333333333
2018-08-31,0.0022333333333333337,0.0022333333333333337,0.004399999999999999,0.004399999999999999,-0.024800000000000003
2018-09-30,0.004766666666666667,0.004766666666666667,-0.0035333333333333345,-0.0035333333333333345,-0.003466666666666667
2018-10-31,0.0010500000000000006,0.02995,-0.010116666666666666,-0.010116666666666666,-0.0032499999999999994
2018-11-30,-4.1666666666666615e-4,-0.003583333333333333,-5.83333333333333e-4,-5.83333333333333e-4,-0.006283333333333333
2018-12-31,-0.011149999999999998,-0.011149999999999998,-0.020516666666666666,-0.020516666666666666,0.011316666666666668
2019-01-31,-0.0099,-0.0099,-2.000000000000011e-4,-2.000000000000011e-4,6.666666666666673e-4
2019-02-28,-0.0030666666666666668,-0.0030666666666666668,0.0026666666666666666,0.0026666666666666666,-0.008733333333333334
2019-03-31,0.004500000000000001,8.33333333333334e-4,0.004500000000000001,-0.010900000000000002,-9.000000000000003e-4
2019-04-30,0.006283333333333333,0.006283333333333333,0.006283333333333333,-0.010783333333333332,0.00505
2019-05-31,-0.004166666666666668,0.0017000000000000001,-0.003500000000000001,-0.003500000000000001,0.019566666666666666
2019-06-30,0.010333333333333335,0.006999999999999999,0.006999999999999999,0.006999999999999999,-0.016300000000000002
2019-07-31,0.011166666666666667,0.011166666666666667,0.005533333333333334,0.0050999999999999995,-6.333333333333335e-4
2019-08-31,0.005583333333333336,0.005583333333333336,-0.003183333333333332,-0.005249999999999998,-0.02178333333333333
2019-09-30,0.011549999999999998,0.011549999999999998,0.010583333333333332,0.011549999999999998,0.02928333333333333
2019-10-31,-9.499999999999996e-4,-9.499999999999996e-4,-1.1666666666666668e-4,-1.1666666666666668e-4,-0.007450000000000002
2019-11-30,-0.00655,1.1666666666666711e-4,-0.00525,-0.00525,0.0035166666666666666
2019-12-31,0.0075,0.004200000000000001,0.0075,0.0075,0.0057
2020-01-31,0.0011666666666666665,0.0011666666666666665,-0.0134,-0.0134,-0.03316666666666667
2020-02-29,-0.027149999999999997,-0.027149999999999997,-0.026883333333333332,-0.026883333333333332,0.013016666666666664
2020-03-31,-0.018683333333333333,-0.018683333333333333,-0.018683333333333333,-0.04595,-0.027216666666666667
2020-04-30,0.018450000000000005,0.009250000000000001,0.009883333333333334,0.018450000000000005,0.018450000000000005
2020-05-31,7.83333333333332e-4,7.83333333333332e-4,-0.005616666666666669,7.83333333333332e-4,-0.0011833333333333333
2020-06-30,0.0034666666666666665,0.0034666666666666665,0.001166666666666665,0.004199999999999999,0.006233333333333333
2020-07-31,0.015833333333333335,0.027733333333333332,0.0083,0.0171,-0.0038
2020-08-31,0.011549999999999996,0.014516666666666664,0.011549999999999996,0.011549999999999996,-0.004216666666666667
2020-09-30,-0.010783333333333334,-0.010816666666666669,-0.010816666666666669,-0.010816666666666669,-0.010816666666666669
2020-10-31,-0.011633333333333334,-0.011633333333333334,0.003933333333333334,0.003933333333333334,0.010866666666666669
2020-11-30,-0.01445,-0.010183333333333334,0.013550000000000001,0.013550000000000001,-0.027916666666666663
2020-12-31,-0.010633333333333333,0.012366666666666665,0.0058,0.0058,0.0058
2021-01-31,0.0032833333333333325,0.0032833333333333325,0.02598333333333333,0.026216666666666666,0.011616666666666664
2021-02-28,-0.006749999999999999,0.007150000000000001,0.00825,0.00825,-0.0011166666666666662
2021-03-31,0.025166666666666667,6.666666666666673e-4,0.02236666666666667,0.02236666666666667,0.02236666666666667
2021-04-30,0.013416666666666667,-0.005216666666666669,0.013416666666666667,0.0028833333333333315,-0.0012166666666666682
2021-05-31,0.01995,0.009916666666666666,0.02418333333333333,0.02418333333333333,0.023216666666666663
2021-06-30,-0.00971666666666667,0.02261666666666667,-0.010716666666666668,-0.010716666666666668,-0.026716666666666666
2021-07-31,0.011383333333333334,0.011383333333333334,-0.0037833333333333326,-0.0037833333333333326,0.0034833333333333344
2021-08-31,0.012450000000000001,0.006716666666666667,0.004516666666666667,0.004516666666666667,-0.005316666666666667
2021-09-30,0.001783333333333333,0.005516666666666667,0.005516666666666667,0.005516666666666667,0.020183333333333334
2021-10-31,0.020483333333333336,0.022250000000000002,0.011483333333333332,0.011483333333333332,0.011483333333333332
2021-11-30,0.016,0.010333333333333333,0.010333333333333333,0.010333333333333333,0.007133333333333334
2021-12-31,0.02341666666666667,0.02341666666666667,0.009983333333333332,0.020816666666666664,0.010016666666666665
2022-01-31,0.027999999999999997,0.014633333333333333,0.014633333333333333,0.014633333333333333,0.035133333333333336
2022-02-28,9.666666666666666e-4,0.0105,0.0105,0.0105,0.0105
2022-03-31,0.013233333333333333,-0.004499999999999999,0.0062,0.0062,-0.004066666666666668
2022-04-30,-0.02125,0.017916666666666664,0.019083333333333334,0.017916666666666664,0.017916666666666664
2022-05-31,0.026866666666666664,0.026966666666666667,0.018399999999999996,0.026866666666666664,0.027966666666666667
2022-06-30,-0.009100000000000002,-0.024666666666666667,-0.030533333333333332,0.003333333333333336,-0.024666666666666667
2022-07-31,-0.011333333333333329,0.017433333333333332,-0.005399999999999998,-0.0373,-0.005399999999999998
2022-08-31,-0.006183333333333332,-0.010583333333333333,-0.006183333333333332,-0.006183333333333332,0.006383333333333334
2022-09-30,-0.006783333333333333,-0.01145,-0.014583333333333335,0.01655,-0.02691666666666666
2022-10-31,0.0246,0.05206666666666666,0.05206666666666666,0.05206666666666666,0.05206666666666666
2022-11-30,0.027783333333333337,0.018616666666666667,0.018616666666666667,0.018616666666666667,0.018616666666666667
2022-12-31,-0.010966666666666666,0.007766666666666669,0.007133333333333336,0.007133333333333336,0.028399999999999998
2023-01-31,-0.04126666666666667,-0.04126666666666667,-0.02663333333333334,-0.02663333333333334,-0.04053333333333334
2023-02-28,-0.006566666666666668,-0.004633333333333332,-0.006566666666666668,-0.004633333333333332,-0.006466666666666666
2023-03-31,-0.0030833333333333338,-0.02605,-0.0030833333333333338,0.004116666666666668,-0.03435
2023-04-30,0.01685,2.1666666666666826e-4,0.01685,0.008283333333333335,3.166666666666665e-4
2023-05-31,-0.022016666666666667,-0.02795,-0.02795,-0.02938333333333333,-4.833333333333336e-4
2023-06-30,0.009500000000000003,0.009500000000000003,0.005233333333333334,0.009500000000000003,0.0189
2023-07-31,-0.015033333333333334,6.999999999999992e-4,-4.666666666666662e-4,0.010233333333333332,-0.0032999999999999995
2023-08-31,0.008100000000000001,-0.0040666666666666655,0.008100000000000001,0.003800000000000001,-0.012833333333333334
2023-09-30,-8.833333333333336e-4,-0.004250000000000002,-0.006816666666666669,-0.006816666666666669,-0.010316666666666667
2023-10-31,0.007450000000000001,-0.005983333333333334,0.007450000000000001,-0.005983333333333334,-0.006650000000000002
2023-11-30,0.0135,0.0135,0.005633333333333335,0.007933333333333332,-0.0161
2023-12-31,-0.007883333333333334,0.01635,5.0000000000000273e-5,0.01635,0.03478333333333333
2024-01-31,0.015316666666666666,-0.003750000000000001,-0.003750000000000001,-0.003750000000000001,-0.013883333333333333
2024-02-29,0.02388333333333333,0.0024833333333333326,0.0052166666666666655,0.0024833333333333326,0.013916666666666667
2024-03-31,0.017266666666666666,0.017266666666666666,0.003766666666666667,0.013233333333333333,4.3333333333333337e-4
2024-04-30,-0.003516666666666668,-0.012150000000000003,-0.003516666666666668,0.003350000000000001,-0.010716666666666671
2024-05-31,0.0032333333333333333,0.004299999999999999,0.0062666666666666695,0.0062666666666666695,0.010633333333333335
2024-06-30,-0.008783333333333334,-0.008783333333333334,0.0056166666666666665,-0.008783333333333334,-0.02095
2024-07-31,-0.005516666666666666,0.022283333333333332,0.022283333333333332,0.022283333333333332,0.011383333333333334
2024-08-31,0.017416666666666664,0.02108333333333333,0.005583333333333333,0.005583333333333333,0.00925
2024-09-30,-0.0013666666666666664,-0.004433333333333333,-0.004433333333333333,-0.004433333333333333,-0.0023666666666666667
2024-10-31,0.0021499999999999996,0.005416666666666667,0.0024499999999999995,0.005416666666666667,-0.010416666666666666
2024-11-30,0.0041333333333333335,0.013133333333333332,0.013133333333333332,-0.0021666666666666653,0.012599999999999998
2024-12-31,4.666666666666666e-4,-0.003233333333333333,-0.016,-0.016,-0.005
2025-01-31,0.0017166666666666652,0.0017166666666666652,-0.002383333333333334,-0.002383333333333334,-0.011016666666666668
2025-02-28,0.007650000000000001,0.0014833333333333337,0.01785,0.0014833333333333337,-0.014883333333333333
2025-03-31,-0.010299999999999998,-0.01733333333333333,-0.005333333333333333,-0.010299999999999998,0.020466666666666664
2025-04-30,-0.004900000000000002,-0.0111,-0.004900000000000002,-0.0111,-0.024866666666666665
2025-05-31,0.026116666666666667,0.014116666666666665,0.014116666666666665,0.014116666666666665,0.006749999999999999
2025-06-30,-0.0013166666666666667,-0.0018833333333333323,-0.0019499999999999986,-0.0019499999999999986,-0.01815
2025-07-31,-0.004116666666666667,-3.500000000000002e-4,-0.004583333333333333,-0.004583333333333333,-0.0013499999999999999
2025-08-31,0.014999999999999998,-0.0012666666666666666,0.014999999999999998,0.014999999999999998,0.0268
2025-09-30,0.008133333333333333,8.666666666666672e-4,0.008133333333333333,8.666666666666672e-4,0.004366666666666667
2025-10-31,-0.004383333333333333,-0.014716666666666668,-0.019083333333333334,-0.019083333333333334,-0.019983333333333332
2025-11-30,0.00903333333333333,0.004133333333333332,0.00903333333333333,0.00903333333333333,0.009466666666666665
