"date","wasserstein_hmm","equal_weight","sixty_forty","spx_bh"
2023-06-05,0.000163546274999532,1.28884875414848e-05,-0.00132668647407961,-0.00200559149065782
2023-06-06,0.00135250620331138,0.000692117055474561,0.00165730328470488,0.00235113023385125
2023-06-07,-0.00425899851578771,-0.00171075586738381,-0.00521957917556897,-0.003819293926421
2023-06-08,0.00370084919952557,-0.000315411410275246,0.00638312063983655,0.00616957160752385
2023-06-09,-0.0011122580203022,-0.00207324430597229,-0.000753093159126195,0.00114740102305078
2023-06-12,-7.13469795194794e-05,-0.00665754696729746,0.00622632281953379,0.00927797498175487
2023-06-13,0.0015784345868693,0.00405434525545276,0.00129262420719627,0.00690857072590845
2023-06-14,-0.00043758060726887,-0.00144453962037918,0.0010303952097086,0.000819089980126364
2023-06-15,0.0086784038480607,0.00928090785509204,0.0103583212453458,0.01210458049359
2023-06-16,-0.00103460708640753,0.00138952225765765,-0.00393767273999046,-0.00367837646775193
2023-06-20,-0.00363181658290529,-0.00320559838432768,-0.00165191428078728,-0.0047463538352357
2023-06-21,-0.00127904096444717,0.00139474402107256,-0.00278518103605556,-0.00525908636692485
2023-06-22,-0.00471826017190345,-0.00957957958914717,-4.63630796843978e-05,0.00370393038733496
2023-06-23,-0.000750568674679125,0.000579482214340743,-0.0029617694094064,-0.00768828805650301
2023-06-26,-0.000508362802912264,0.000721090054549212,-0.00171057515141655,-0.00449693436313225
2023-06-27,0.00016875351628692,-0.00444944054504992,0.00543483208618234,0.0113907335241823
2023-06-28,0.00238547179180572,0.00512920090963451,0.00139246914848492,-0.000354139388390351
2023-06-29,0.000587742167606385,0.000860528109894698,-0.00145028880580789,0.00446356811449
2023-06-30,0.00647460903776784,0.00522396077598275,0.00818710824812214,0.0121943502618862
2023-07-03,-0.000207243754471706,-0.000704008896565966,-0.00103677733417058,0.00116999309267207
2023-07-05,-0.000178464744758128,0.00272514617033224,-0.00310447144970922,-0.00197025809761264
2023-07-06,-0.005690694370497,-0.00490807602760563,-0.00805318711387137,-0.00795406117589437
2023-07-07,0.000975922496844943,0.00330301296486377,-0.0022286526385308,-0.00286921279573349
2023-07-10,0.0012835882643945,0.000230217715182146,0.00350810008364277,0.00240213861062699
2023-07-11,0.0051575349964092,0.00651043746144255,0.00487224045291725,0.00671958399825456
2023-07-12,0.00687456711087512,0.00623680913283202,0.00831561662978792,0.00738390523538968
2023-07-13,0.00526363231890159,0.00567550272832058,0.00837297551148239,0.00843448298962635
2023-07-14,-0.00371921110548582,-0.0062183449446584,-0.00259898854803637,-0.00102493219690736
2023-07-17,0.000619957487404588,-0.00162904915316462,0.00297117225037695,0.00384796957442113
2023-07-18,0.00712444618142527,0.00817199584690585,0.0047101225742086,0.0070920669414285
2023-07-19,0.00177180100392619,0.00118341354841647,0.00277435417609908,0.00235513482723348
2023-07-20,-0.00384553752354354,-0.0017510894442256,-0.00725149569409815,-0.00677982739625804
2023-07-21,0.00111857348872763,0.00293375788327479,0.00052639443581981,0.000324042014613113
2023-07-24,0.00254254574487491,0.0050520634798481,0.00146045044476679,0.00402603849687466
2023-07-25,0.00229944660130429,0.00240955452865377,0.000937465611903932,0.00281071957583912
2023-07-26,0.000703479818939757,-0.000353442083746458,0.00127889897269995,-0.000155450978676086
2023-07-27,-0.00575951714753813,-0.00262817835111182,-0.00824979851652046,-0.00644539305519665
2023-07-28,0.00650567964826821,0.00576091862141963,0.00719648248102445,0.0098293758104333
2023-07-31,0.00284590934787332,0.00441122223296704,0.00138224701870264,0.00146763543656903
2023-08-01,-0.00399987717240554,-0.00344511592438082,-0.00394526916375355,-0.00266864530768274
2023-08-02,-0.00766784172763143,-0.00753781402194429,-0.0091630924813149,-0.0139362006383354
2023-08-03,-0.000618883122863022,0.00239075629837249,-0.00449677322416697,-0.00255122545029174
2023-08-04,0.000925052697812882,0.00255748878471076,0.00104206446539017,-0.00531416937393914
2023-08-07,0.00240593414667047,0.0010792470833076,0.00442115475772766,0.00898361896485689
2023-08-08,-0.00107960795277637,0.000457691190039977,-0.00051653097313924,-0.00422720510005803
2023-08-09,-0.00225827804979624,0.000688805364607692,-0.00398647050650247,-0.00706361910204656
2023-08-10,-0.00234853574527007,-0.00376086828044748,-0.00292347074258821,0.000250682521080847
2023-08-11,-0.00103760808838164,-0.000718396408081556,-0.00276123732923494,-0.00107026489922823
2023-08-14,0.00109235338562234,-0.000271082467826833,0.00280249485519235,0.00573400487941811
2023-08-15,-0.00644129860185741,-0.00641964506177706,-0.00773767548301265,-0.0116181393960968
2023-08-16,-0.00579972635607414,-0.00635993642082076,-0.00608867316751294,-0.00758408179262382
2023-08-17,-0.00273642812882826,-0.000480857523087153,-0.00515981777917176,-0.00774281137752908
2023-08-18,0.0022882132975595,0.00298091471604582,0.0011093578055533,-0.000148717883957872
2023-08-21,0.000846672739457671,-0.000111733435353223,0.00162707385060301,0.00685563485980012
2023-08-22,-0.000429666674992942,-0.000274414925542565,-0.00149696455568353,-0.00278133104654543
2023-08-23,0.00512865005323246,0.00312178938031042,0.0109084751781054,0.0109843307107909
2023-08-24,-0.00338203719879979,-0.00176602616319332,-0.00962053040504038,-0.0135493539840077
2023-08-25,0.00388957329324521,0.00418390796411599,0.00388917776953548,0.00669550106029604
2023-08-28,0.00264066350432095,0.00192122841134683,0.00485547425563837,0.00624507859419587
2023-08-29,0.00868069120105087,0.00763598613957361,0.0114849749267609,0.0144040687120572
2023-08-30,0.00205794434920458,0.00182151159394124,0.00225314437026434,0.00382585418119241
2023-08-31,0.00300038976235408,0.00448571655429486,-0.000156371039785696,-0.00159821297433993
2023-09-01,0.00394858436075511,0.00537104700840176,-0.00137408403636918,0.00179751276551876
2023-09-05,-0.00186706039487785,-0.000494724629690602,-0.00495513883797827,-0.00420299782138223
2023-09-06,-0.00207886798480735,-0.000809021844564573,-0.0052267587039097,-0.00699601449143117
2023-09-07,-0.000734995909306223,-0.000722678883270245,-0.000558271414111999,-0.00321643311573361
2023-09-08,0.00133222574378028,0.00149596941521937,0.000940891499784158,0.0014256060622575
2023-09-11,0.00144117287596713,0.000589743097369233,0.00333554720762024,0.00670095149813577
2023-09-12,0.00013945668976884,0.00180989195082706,-0.00287057637499082,-0.00571216902300442
2023-09-13,0.000129912029715055,0.000107382403338807,0.00121488834141275,0.00124086211753394
2023-09-14,0.00563812271490902,0.00613999583342473,0.00413813252625488,0.0083945855336669
2023-09-15,-0.0024570209014045,-0.00146971869461261,-0.0085846365016895,-0.012234145842493
2023-09-18,0.00173986941937004,0.00156464646664887,0.000819180955197751,0.000721027694174481
2023-09-19,-0.00133963897163427,-0.00109248688946,-0.00275417401301539,-0.00215332736153329
2023-09-20,-0.00489508751496266,-0.00491930935191238,-0.00596525677162418,-0.00943920420629141
2023-09-21,-0.00725679095814969,-0.00544691521197107,-0.0129083239659398,-0.0165369183184882
2023-09-22,0.0015461503251846,0.00198112447027592,0.000181908339259351,-0.00229823740276025
2023-09-25,-0.00126872989629057,-0.00155913295407499,-0.000544518794361437,0.00401499420380702
2023-09-26,-0.00483183683490824,-0.00281707194706087,-0.00903720856611514,-0.0148441654822644
2023-09-27,0.000697502350008184,0.00253451254442423,-0.00165424754968235,0.000229287772294029
2023-09-28,-0.00205434054009896,-0.00358895382610065,0.00461898169288091,0.00587587714300142
2023-09-29,-0.00423007792117505,-0.00417851103627394,-0.00154056135275091,-0.00271325964829039
2023-10-02,-0.0053873734954388,-0.00585194861455989,-0.00321016137806645,7.93644061527488e-05
2023-10-03,-0.00510767300571049,-0.00345275830305605,-0.0116283286618842,-0.0138393958634477
2023-10-04,-0.00501663192353573,-0.00891022465706666,0.00737541991571824,0.0080770476078289
2023-10-05,-0.00403517504495787,-0.00520105140862306,-3.16661732867374e-05,-0.00130488114699645
2023-10-06,0.00347473470573408,0.00225965208970251,0.00470062188662368,0.0117456420939615
2023-10-09,0.013955812642095,0.0152240792511445,0.00884519046539687,0.00628406811938831
2023-10-10,-0.000392235674249212,-0.0012555256577957,0.00232665793117803,0.00519447609998558
2023-10-11,0.00194169903795021,0.00067741696384882,0.0047611185083742,0.00428381950009538
2023-10-12,-0.00354910183769957,-0.00277916947442103,-0.0076234939099102,-0.00626602494065587
2023-10-13,0.013657032337646,0.0159810513369323,-0.000468059390390252,-0.00503149566021932
2023-10-16,-0.000927768592782621,-0.00245045003979971,0.00394870627938921,0.0105386423025902
2023-10-17,-0.000678282726272829,-0.000510947311308385,-0.00400345263944466,-9.82498794446229e-05
2023-10-18,0.000881758853547769,0.00259683615273012,-0.00996916123272058,-0.0134904082511511
2023-10-19,0.00217845119789848,0.00370362801146316,-0.00708508741243215,-0.00851903232805817
2023-10-20,-0.0036482449256046,-0.00316893090211225,-0.00526758603387343,-0.012665149196156
2023-10-23,-0.00440306405458116,-0.0056220192076716,0.000861123059682356,-0.00168699206543543
2023-10-24,-0.000367502356354233,-0.00210800508725457,0.00505520145710889,0.00723952351962964
2023-10-25,-0.0016622789192305,0.000662637840494362,-0.0121908634585846,-0.0144434346572382
2023-10-26,-0.00422812709426693,-0.00412283761918495,-0.00410602267102291,-0.0119030812055847
2023-10-27,0.00403829502316229,0.00518198944174797,-0.00226502866054332,-0.00481183857862177
2023-10-30,-0.00337866418482351,-0.00619763201695962,0.00582883848336486,0.0119384743002868
2023-10-31,-0.000827299911634109,-0.00175210614460326,0.00302496589050598,0.00645408482168719
2023-11-01,0.00402241375498614,0.00309493547594757,0.0108513641348324,0.0104511949901926
2023-11-02,0.0093213014309988,0.00842461856213204,0.0136808662302037,0.0186829389340861
2023-11-03,0.00101407617366378,-0.00127472865422833,0.00867742158894629,0.00934988354455157
2023-11-06,-0.00208298897742845,-0.00201174353841669,-0.00126953675744446,0.0017514577241009
2023-11-07,-0.00465876661875442,-0.00693207425092028,0.0039784441983695,0.00283609340171154
2023-11-08,-0.00452785572435321,-0.00559957279579502,0.00221478244913627,0.00100441103242055
2023-11-09,-0.00256457814101657,-0.00177313063368514,-0.00884666058381853,-0.00811669069906884
2023-11-10,0.00527136794425988,0.00532762570060257,0.00973635107492292,0.0154957592707721
2023-11-13,0.00295970254628816,0.00368940256918311,-0.000721063921326603,-0.000836188441370567
2023-11-14,0.00745027373891102,0.00472794764173958,0.0173057565073197,0.0188953704745778
2023-11-15,-0.00376170536101486,-0.00477216984622864,-0.00216825035829658,0.00159573820784686
2023-11-16,-0.00244046467798225,-0.00532655178375831,0.0037097998095561,0.00118971939671297
2023-11-17,0.00580479305171172,0.00705695623805305,0.00102818107515184,0.001281227937179
2023-11-20,0.00472319446269481,0.0051455048323386,0.00497942101343192,0.00736310379379468
2023-11-21,0.00285232788660862,0.00284282621561092,-0.000696019849482354,-0.00202297593175693
2023-11-22,-0.00149810818635315,-0.00197868064404254,0.00230233740068684,0.00405290509431389
2023-11-24,-0.00224886167125708,-0.00298753524399986,-0.00171738955933201,0.000596695609644371
2023-11-27,0.000110584034404128,-0.000391379430853611,0.00184954153504471,-0.00195606931689873
2023-11-28,0.00645530801530582,0.00671971006572587,0.00234776988849532,0.000979638528050941
2023-11-29,0.00412339011511137,0.00486494087035521,0.00152550706887951,-0.000946696615102383
2023-11-30,-0.00511306584080228,-0.00629711237744726,0.000301238090351674,0.00377693126499423
2023-12-01,0.00444969270724192,0.0032758981883565,0.00727028663168596,0.0058565589538464
2023-12-04,-0.00809655415940529,-0.00763402077672408,-0.00491616357479785,-0.00542318806382625
2023-12-05,-0.00113867734691666,-0.00133464290459049,0.0024676093193154,-0.000569031593935065
2023-12-06,-0.00588928349465191,-0.00727117937003605,-0.000697563167400972,-0.00391385194494376
2023-12-07,0.00199520866985443,0.00161188547603128,0.00417020175171956,0.00793661068482265
2023-12-08,0.000932661327471624,0.00190016960000081,-0.000136447676302965,0.00408713414650386
2023-12-11,-0.000606289146924147,-0.000334824958891744,0.00239262265761226,0.00391681354778051
2023-12-12,-0.00538703118597463,-0.00709336944065511,0.00360373835877006,0.00458881279569212
2023-12-13,0.0117890755645183,0.0117529696412261,0.0140385887220962,0.0135583451750207
2023-12-14,0.00698661616793712,0.0070189028465542,0.00489741054314585,0.00264356518515463
2023-12-15,-0.000765599154132051,-0.000742877819816457,-0.000379043418572778,-7.62524004489507e-05
2023-12-18,0.00411824836923786,0.00412370047172494,0.00183491442964971,0.00451812226340031
2023-12-19,0.00571432678904013,0.00571977224938829,0.0042605889186035,0.00584926745082015
2023-12-20,-0.00388767460784814,-0.00384428187118777,-0.00692160721680217,-0.0147931479653067
2023-12-21,0.00257208614037911,0.00252305006588811,0.00552665833678603,0.0102487693072728
2023-12-22,3.45110771484439e-06,-3.15591966152163e-05,0.000621084833275276,0.00165868215275999
2023-12-26,0.00635866493605418,0.00642258776077132,0.00278308877286655,0.00422276104697872
2023-12-27,-0.00188974673526958,-0.00200135889248987,0.00396240703921507,0.00142943561642284
2023-12-28,-0.0061593763173238,-0.00630414521729952,-0.00130652391944288,0.000370106110327839
2023-12-29,-0.00256573421660522,-0.00259171870546089,-0.0026930861456858,-0.00283047703673489
2024-01-02,-0.00329186873666552,-0.00332239330368722,-0.00490264287065294,-0.00567666079972184
2024-01-03,0.00479004530506564,0.00507896163018273,-0.00387234889409633,-0.00804861832719794
2024-01-04,-0.00347983226497404,-0.00352152787321476,-0.00447800580690334,-0.003434271663318
2024-01-05,0.00380243539481191,0.00393906195713605,-0.000371281694200931,0.00182402163943429
2024-01-08,-0.00582462743127467,-0.00623004254468071,0.00974985709233351,0.0140159454363538
2024-01-09,0.00317049286836515,0.00330113360070401,-0.00105472193454084,-0.00147899385231831
2024-01-10,-0.00234164473348702,-0.002485346816567,0.00276200640935436,0.00564998065049593
2024-01-11,0.00458583616090208,0.00472032473177082,0.00172852626680893,-0.00067128083696133
2024-01-12,0.00392597682222468,0.00395010527601594,0.00153262762559017,0.000750693753033715
2024-01-16,-0.00478023254153623,-0.00481800881171886,-0.0054984492212764,-0.00373831905235633
2024-01-17,-0.00194899454643835,-0.00180659804182861,-0.0046808936491896,-0.00563273127110797
2024-01-18,0.00639847439443058,0.00643778355229339,0.00437616887472743,0.00876672072624274
2024-01-19,0.00221710586347809,0.00208079032504944,0.00738520140748591,0.0122383082325488
2024-01-22,0.002787362267855,0.00287601793800674,0.00253512116851766,0.00219192118723122
2024-01-23,0.00130878280034649,0.00127553278053831,0.000740861096874923,0.00291711534076455
2024-01-24,-0.0002269028529436,-0.000129245303919223,-0.000651603240793008,0.000811598976216743
2024-01-25,0.00787631347781602,0.00801746144667641,0.00487557341154634,0.00524657813497953
2024-01-26,0.0016696477979635,0.00176747158166588,-0.00110661348543495,-0.000651997755426237
2024-01-29,0.0013969180881939,0.00121569747864942,0.00691078411354056,0.00752836550524627
2024-01-30,0.00229768909871521,0.00238225849588645,0.000183448387596385,-0.000600830396980001
2024-01-31,-0.00643119819522312,-0.0064867276043409,-0.00641080171188193,-0.0162368517407323
2024-02-01,-0.000180550700924683,-0.000507442137254622,0.00991966040841099,0.0124162861140498
2024-02-02,-0.00491367997403505,-0.00516527555401165,0.00113700494067395,0.0106277707226319
2024-02-05,-0.00076431842156309,-0.000654161959113431,-0.00582684639978233,-0.00319142470928391
2024-02-06,0.00380304536635965,0.00384793807732242,0.00353471098220872,0.00230774593174843
2024-02-07,0.00278466430333594,0.00278165784755533,0.00420920508427294,0.0082076825940085
2024-02-08,0.00522823249792689,0.00545450941596339,-0.000965469623915638,0.000570420540091376
2024-02-09,0.00031320954030898,0.000285144602528753,0.00271658521911355,0.00572591712879422
2024-02-12,0.000853678393013266,0.000915714131705325,-0.000188985020829691,-0.000949404142652099
2024-02-13,-0.00488150810111313,-0.004685733292526,-0.0126839478435201,-0.013768609419845
2024-02-14,-0.000675118189827621,-0.00087128670993435,0.00721436086684122,0.00953416830421716
2024-02-15,0.00576949308005593,0.00584606096408429,0.00458892888711446,0.00580437267404044
2024-02-16,0.000434319200169538,0.000525555917633991,-0.00463471226448107,-0.0048150435759613
2024-02-20,-0.00259004461076887,-0.00265501465505151,-0.00293195405743063,-0.0060234264658181
2024-02-21,0.00148390679500066,0.0015519275251072,-0.000521926560037756,0.00126340149510362
2024-02-22,0.00551075865392007,0.00537714939836764,0.0125843738638967,0.020902888666404
2024-02-23,-0.00217608102061874,-0.00236211418053625,0.00204194543980698,0.000347887026501681
2024-02-26,0.000420305704877483,0.00054533065213116,-0.00287224997766096,-0.00379393924466775
2024-02-27,0.0026164679060665,0.00271491579685126,0.00012745762969395,0.00170489553872066
2024-02-28,0.00028170749540814,0.000272841299853788,0.000453201654462632,-0.00165953132111163
2024-02-29,0.00226910076090495,0.00219423354392161,0.00393660079242402,0.00521547045579851
2024-03-01,0.0101398826724688,0.0102118558678582,0.00660752945231557,0.00797593643338779
2024-03-04,9.13311957273186e-05,-2.59373363743265e-05,-0.0016071486266199,-0.00119397457496184
2024-03-05,-0.00137572741047179,-0.00135411764852735,-0.00369179417576504,-0.010245406275919
2024-03-06,0.00480559402732664,0.00484032882555443,0.0040464166594063,0.00512793285300184
2024-03-07,0.00233021639797554,0.00221851562792361,0.00682396990055842,0.0102514022849842
2024-03-08,-0.0017097461791156,-0.00176544813147155,-0.00363587452553915,-0.00654992299205048
2024-03-11,0.000771158049729858,0.000813404985514499,-0.00117795948001529,-0.00112286826802865
2024-03-12,-0.00124567749191824,-0.00138512317997925,0.00504016176177977,0.0111395125866682
2024-03-13,0.00477892146312481,0.005040674224262,-0.00204365134765432,-0.00192638400212175
2024-03-14,0.00114883743477637,0.00137467310112962,-0.00469886064403866,-0.00287522105149485
2024-03-15,-0.00208137193511655,-0.00198894023866352,-0.00458523730762828,-0.00650402285973861
2024-03-18,0.00586470084704421,0.00605048539775384,0.0033088254230691,0.0062981842384815
2024-03-19,0.00311657404480692,0.00312249637031501,0.00453286053841033,0.00563325304434237
2024-03-20,0.000992710325255423,0.000650717132802825,0.00625581176822401,0.00886476551636051
2024-03-21,0.000804162835184016,0.000696850363310375,0.00198136528778257,0.00323130909452907
2024-03-22,-0.000238040341527892,-0.000218037437521357,0.00110995957301512,-0.00140317183432614
2024-03-25,0.00157813510285008,0.00179841766466859,-0.00289539362810949,-0.00305964038203221
2024-03-26,-0.000644087711517807,-0.00068914173063499,-0.00108858327595165,-0.0028037219828061
2024-03-27,0.00472333474802224,0.00463287818499714,0.00667882194464404,0.00859359558270612
2024-03-28,0.00606882062962765,0.00628489674584989,0.000289464442252196,0.00111586270076103
2024-04-01,0.00276530310239906,0.00295797499830224,-0.00484514220728549,-0.00201561452695742
2024-04-02,0.00330829647173669,0.00356261720602111,-0.00521543440606074,-0.00726538820367217
2024-04-03,0.00241957624303513,0.00241968805783843,0.00112542762775369,0.00109052752333838
2024-04-04,-0.00106220301846793,-0.000453547198292981,-0.00607908047434407,-0.0124110356192624
2024-04-05,0.00518207042475814,0.00480223983363333,0.00396904131918205,0.0110380501356993
2024-04-08,0.000107777924160769,-5.31006922475541e-05,-0.00112771124398954,-0.000374701190041904
2024-04-09,-8.84699282995852e-06,-0.000461892515920415,0.00245602895707044,0.00144444947363453
2024-04-10,-0.00266207078009699,-0.00206498532127837,-0.0110529948201151,-0.00950198183221218
2024-04-11,0.00445279750832421,0.00387007976524743,0.00388505838819348,0.00741722198334216
2024-04-12,-0.00364062292898738,-0.00321978045978293,-0.00714465180873667,-0.0146575878022475
2024-04-15,0.000727064697732788,0.000648622807057375,-0.00982120668212119,-0.0120941957874603
2024-04-16,-0.00136371668297668,-0.00146264087652153,-0.00280823099459937,-0.00205862452750338
2024-04-17,-0.00741002921863433,-0.00803744126622208,-0.00094704729673083,-0.0057973750760052
2024-04-18,-0.000304696852219103,-0.000371638652366446,-0.00272102039347786,-0.00221060170048482
2024-04-19,-0.000796527576393881,-0.000694667736555665,-0.00475467904656739,-0.00879712965405588
2024-04-22,-0.00358951042069417,-0.00335049715024818,0.00525963397831681,0.00869335115683789
2024-04-23,0.00406088946042509,0.00433937655620689,0.00765892537715018,0.0118935665677231
2024-04-24,-0.001491776517768,-0.00158403205947515,-0.00109324890649205,0.000212987377931739
2024-04-25,0.000848232333092887,0.00108826365689563,-0.00428358695346169,-0.0045869342701188
2024-04-26,0.00420593117833452,0.00400367123681322,0.00718889759629207,0.0101573813323252
2024-04-29,-0.00149722429409002,-0.00181529479352847,0.00351854930564883,0.00317340807663946
2024-04-30,-0.00987990458883332,-0.00972877289665579,-0.0113901740330679,-0.0158555511189284
2024-05-01,-0.00369619565187604,-0.00465210097406201,-0.00048397162631062,-0.00344135348563057
2024-05-02,0.000697377184878263,0.000610855094545126,0.00732721804415952,0.00908702472508338
2024-05-03,0.00121850960701487,0.000766245711050395,0.00969954783022153,0.0124785576595094
2024-05-06,0.00604820380954466,0.00593562670133236,0.00650994077981544,0.0102731736912478
2024-05-07,-2.33626767911714e-06,-1.97292749231081e-06,0.0018415504780382,0.0013425282288253
2024-05-08,0.000471252468613426,0.000735839322080434,-0.00112606933709216,-5.83563519462871e-06
2024-05-09,0.00529818405944856,0.00512991813314647,0.00425557312266491,0.00507803263910844
2024-05-10,-0.00104940375216667,-0.00163785168617405,-0.000306304811492808,0.00164804008016617
2024-05-13,-0.000418250044310225,5.91961812239638e-05,0.000330584294232139,-0.000241333173866209
2024-05-14,0.000913529024512586,0.000382963116226875,0.00406006136825745,0.00482614852745478
2024-05-15,0.00701733266529381,0.00689686357656889,0.00999216950358068,0.0116478277873
2024-05-16,-0.000342403312839037,-0.000118400629479609,-0.00202051700986274,-0.00208383747408902
2024-05-17,0.004778135652612,0.0047631327711553,-0.000545514819154747,0.00116409568789422
2024-05-20,0.000500658141555373,0.000340798144264642,-5.22020486123155e-05,0.000915970308490444
2024-05-21,-0.000556035910404074,-0.000770061549148338,0.00253042718394205,0.00249874976689313
2024-05-22,-0.00715724467109682,-0.00729677645431224,-0.00214109575954566,-0.00270979120935166
2024-05-23,-0.00718970054491691,-0.00692840477883694,-0.00586537283122972,-0.00740816228347185
2024-05-24,0.00340291576163992,0.0036153351325896,0.00470300677708551,0.00697664907667317
2024-05-28,0.00612530630354652,0.00677853235420045,-0.00209646317055743,0.000248770906885909
2024-05-29,-0.00590243816552189,-0.0060371701004363,-0.00639021639488,-0.00739431721574313
2024-05-30,-0.00286515202549761,-0.00318260974761282,-0.00159880395395362,-0.00599295753575291
2024-05-31,-0.000399538276385007,-0.000676658128154184,0.00665524816103797,0.00799582423192824
2024-06-03,-0.00463334758339755,-0.00590131060567813,0.00328065597616529,0.00111546022353437
2024-06-04,-0.00225245040728132,-0.00241197784830556,0.00308543134210133,0.00150168100378423
2024-06-05,0.0079913631350052,0.00795402024500493,0.00851661996125372,0.0117780158499556
2024-06-06,0.0044401509518276,0.00484304746376427,-0.000290178973494903,-0.00019983660163625
2024-06-07,-0.00907764394068066,-0.00859011663660345,-0.00490742609272878,-0.00111584205027881
2024-06-10,0.00824777763787098,0.00896991068036757,0.000684954345643263,0.00257752997824134
2024-06-11,0.00263276461793162,0.00257535072948363,0.00373169591414744,0.00270671485520957
2024-06-12,0.00366814331845405,0.00367617847037263,0.00730519986205742,0.00846772024188702
2024-06-13,0.000262986456782757,0.000280849021942586,0.00404150366688718,0.00234191143711726
2024-06-14,0.0048193652412124,0.00475681808021751,0.000694977503951577,-0.00039393828099854
2024-06-17,0.00294355064853942,0.00351558113073764,0.00271627896182807,0.0076351643723207
2024-06-18,0.00413938371214196,0.00435312405072006,0.00324890029644713,0.00251815418151757
2024-06-20,0.00406501116397834,0.00416831417551649,-0.00253390813017127,-0.00252912739541244
2024-06-21,-0.00483837208615468,-0.00483482970042211,-0.000853180701630762,-0.00156335171882382
2024-06-24,0.00196810190285009,0.00230937656834778,-0.00150292489865507,-0.00306987915586809
2024-06-25,-0.00159886747443587,-0.00185126898340746,0.00269417033075499,0.00392587367918296
2024-06-26,-0.00223751519052958,-0.00216820469154362,-0.00147696523724221,0.00157119622472024
2024-06-27,0.00534104736671392,0.00555767220998709,0.00143724039512918,0.000906909856798421
2024-06-28,-0.00263066110906832,-0.0026922798519454,-0.00458507100958663,-0.00409201346236898
2024-07-01,0.00389312198003606,0.00447001634948281,-0.00138546661539216,0.00267199098142967
2024-07-02,0.000877138540513954,0.00064767492917932,0.00521358459623684,0.00617620577118494
2024-07-03,0.00434256197330843,0.00415257587408773,0.00570013404055381,0.0050715622695332
2024-07-05,0.00455019876245505,0.00428077724162126,0.00547552550576569,0.00543397436096882
2024-07-08,-0.00396413694699132,-0.00408423807400933,0.000737102528001188,0.00101618247640545
2024-07-09,-0.000878068300993347,-0.00113598103592087,-0.000108025110819909,0.000740797478064437
2024-07-10,0.00447680587341355,0.00451834268959868,0.00647639138659812,0.0101563148781061
2024-07-11,0.00311791540080449,0.00312639051649199,-0.00273988132927307,-0.00880164996926602
2024-07-12,-0.00070679132138767,-0.00101155125189596,0.00414453398006351,0.00550186402496422
2024-07-15,0.000734591475415532,0.000599895957633123,0.000427486856317571,0.00282221642335401
2024-07-16,0.0041959137162885,0.0034416019576053,0.00559247001762344,0.00636904997145216
2024-07-17,-0.00136567050702727,-0.000566404798976361,-0.00807878665380315,-0.0140254415236445
2024-07-18,-0.00427351101070043,-0.00430556693023734,-0.00584494440087369,-0.00784711214535072
2024-07-19,-0.00966772406428617,-0.00994412400086695,-0.00556623677766552,-0.00716587922640599
2024-07-22,0.00119608831724329,0.000903935480993123,0.00605959907036571,0.0107342172462204
2024-07-23,-0.00132461078587216,-0.00170807845877832,-0.000639267862173298,-0.00155931769394613
2024-07-24,-0.00585592615263564,-0.00540498811608563,-0.01494202639369,-0.0234212422228932
2024-07-25,-0.00260350008620609,-0.00205484658836443,-0.00220425235187598,-0.00515588901971675
2024-07-26,0.00239087888258638,0.0015961458782316,0.00851670172745393,0.0110294204095709
2024-07-29,-0.00134305070669538,-0.0016600046653287,0.00116074837081825,0.00081297957182791
2024-07-30,-5.36953845626398e-05,-0.000400273903897208,-0.00214363970805813,-0.00497251436136636
2024-07-31,0.0150192651167245,0.0156982553251333,0.0123270389783965,0.0156699807019169
2024-08-01,-0.0140362682671297,-0.00566654295411206,-0.00656835166611849,-0.0137881237919899
2024-08-02,-0.016918125147552,-0.0107883432390561,-0.00498327056761134,-0.0185529066085532
2024-08-05,-0.0133294382494128,-0.0100223871209346,-0.0178468913396767,-0.030427041392393
2024-08-06,-0.00236918699303378,-0.00281569418057908,0.00260559233944271,0.0103008494935999
2024-08-07,0.006168235249541,0.00409797429287195,-0.00610614981275113,-0.00776471538877033
2024-08-08,0.0129535878822877,0.0091339005471661,0.012465557263689,0.022781139590899
2024-08-09,0.00583455559749297,0.00429075942441255,0.00441368445553287,0.00466079843438116
2024-08-12,0.0131576809598775,0.0101922087144642,0.00114153838981323,4.3033051721153e-05
2024-08-13,0.00154778827754742,0.00033313467196674,0.0117949654156607,0.0167072334190497
2024-08-14,-0.00430103665911452,-0.00311989667227826,0.00282365128311248,0.00381643656119834
2024-08-15,0.00844273490169987,0.00540395812582784,0.00709192054277352,0.016004489931305
2024-08-16,0.000983129205642331,0.00139821448039994,0.00197637281431291,0.00198780236839546
2024-08-19,-0.00496954185170542,-0.00433350266343364,0.00634051245686393,0.00967532743617738
2024-08-20,-0.0017947319933779,-0.00105710821550717,0.000409880193285517,-0.00198652723760873
2024-08-21,-0.00379002903288259,-0.00301158516330702,0.00335733107368412,0.00423071472100567
2024-08-22,-0.00182861987661531,-0.00152070044825834,-0.00722866699626579,-0.00897294225665668
2024-08-23,0.013885433650007,0.00907833757901129,0.00869566408326996,0.0114179374016636
2024-08-26,0.00817597649506101,0.0061347552952447,-0.00238631950912982,-0.00315871016960578
2024-08-27,-0.0041040179615496,-0.0033393983963582,0.000792434143663812,0.00159392511272394
2024-08-28,-0.00698933640061576,-0.00422751386159428,-0.00380115239220373,-0.00599390079473494
2024-08-29,0.0058289098826284,0.00477625995454103,-0.000721115257260863,-3.93798434377146e-05
2024-08-30,-0.00568645973594958,-0.00598733964432734,0.00462677307329571,0.0100424570791446
2024-09-03,-0.0132216372088258,-0.0124151918186463,-0.0101986368104402,-0.0213779633723981
2024-09-04,-0.00420588088995506,-0.00423124860221664,0.00137131295760149,-0.00160382902738121
2024-09-05,0.00203055109939988,0.00204273209565899,-0.000875722530917144,-0.00302258101467423
2024-09-06,-0.00785083721930822,-0.00716545657372345,-0.00987678210189884,-0.0174109445074233
2024-09-09,0.00554340550440732,0.0052604585069429,0.00747696278687862,0.0115135344358173
2024-09-10,-0.00376925943666313,-0.00409017809139636,0.00437967013476204,0.00446269997779503
2024-09-11,0.00478800269430783,0.0045144136810161,0.00608198823842265,0.0106085556498421
2024-09-12,0.0101330545945418,0.00972835537613266,0.00383234172204396,0.00746735215680339
2024-09-13,0.0033532548244547,0.00301542622977902,0.00400530389773479,0.00539314223435561
2024-09-16,0.00302486886179529,0.00307607943735055,0.00180379855424739,0.00125584086731045
2024-09-17,0.0013621787538776,0.00157626424413921,-0.000568156599567971,0.000264515093896023
2024-09-18,-0.00578522546695539,-0.00576430173582745,-0.00348223146654014,-0.00290065870831313
2024-09-19,0.011967176270666,0.0112659293155444,0.00977570768410096,0.0168343568927263
2024-09-20,0.00291253775201814,0.0028990899302535,-0.00128759424592815,-0.00194291363001575
2024-09-23,-0.000538611016307432,-0.000735228492152995,0.00143926493140363,0.0028053344257124
2024-09-24,0.00547371522565021,0.00521921394190068,0.00195190957732905,0.0025080311033463
2024-09-25,-0.00506548930644055,-0.00511294767691375,-0.00274602728440527,-0.00186298320621248
2024-09-26,-0.00559487825611389,-0.006278925756797,0.00213279145688361,0.00403054215819942
2024-09-27,0.00212019813421724,0.00249750266819317,0.000836265000559777,-0.00125400290007249
2024-09-30,-0.00145834763113632,-0.00152681729895443,0.00143734249861147,0.00422760365844077
2024-10-01,0.00724377745817095,0.00795822502616383,-0.00416786641047793,-0.0093678486944544
2024-10-02,0.00200301530479602,0.0021382804076338,-0.0010592069115269,0.000138381326987513
2024-10-03,0.00668369683336001,0.00713498233571208,-0.00305762099045879,-0.00168282865445946
2024-10-04,0.00247810124136794,0.00219712140801525,0.00147949550274404,0.00893025569918571
2024-10-07,0.00340430961443657,0.004136997648554,-0.00723330150216022,-0.00963226382938842
2024-10-08,-0.00748196473467615,-0.00818690681531802,0.00611837688178127,0.00964270680469426
2024-10-09,-0.000712961154499676,-0.000950307523847549,0.0027532817403479,0.0070882310169953
2024-10-10,0.007245437450251,0.00754644414550221,-0.00128509202726441,-0.00207226850598197
2024-10-11,0.00324095869668201,0.00285759827857817,0.0037453449366506,0.0060336087072983
2024-10-14,-0.00215459646834045,-0.00258955813694852,0.00389689689708419,0.00767811457459366
2024-10-15,-0.0081633207103947,-0.00820453864155519,-0.00254007982551023,-0.00763856603751378
2024-10-16,0.00200120266749755,0.00180324056368004,0.00342427331278614,0.00466823278278028
2024-10-17,0.00139299422383917,0.0013451676893161,-0.00218430638183804,-0.000171175128537371
2024-10-18,-0.000360089674360855,-0.000860302388119028,0.00283711439048098,0.00396368694277349
2024-10-21,0.00121922780545221,0.00139090174225345,-0.00419193668376074,-0.0018244327564183
2024-10-22,0.00664661438915402,0.0067722508343298,-0.00066324231079129,-0.000474966667196597
2024-10-23,-0.00572097598184038,-0.00521657242966551,-0.006466683543686,-0.00923382426767994
2024-10-24,0.000612525177387845,0.000314169953208321,0.00217035346874113,0.00214347313055718
2024-10-25,0.00358289416156856,0.00377065366345484,-0.0010639647983183,-0.000299492013185798
2024-10-28,-0.00978499997479939,-0.0104365634448767,0.0006603240214897,0.00264793462673296
2024-10-29,0.000728561263257061,0.000443989839875236,0.00113677460723451,0.00161282594490153
2024-10-30,0.00425314570319639,0.00448481355678725,-0.00257516188762743,-0.00330569167248917
2024-10-31,-0.00355261506674569,-0.00236058474049452,-0.0114856510559996,-0.0187901349287447
2024-11-01,-0.00301508486759145,-0.00329518465479737,7.46951523812101e-05,0.00408415800452566
2024-11-04,0.00578542274864482,0.00624126661938052,0.000439874210431057,-0.00281604481319064
2024-11-05,0.00391608818566904,0.00335249015734886,0.00752693623409115,0.0121910310295625
2024-11-06,-5.91864255979819e-05,-0.000548667556452909,0.0108493838877017,0.0249812809571868
2024-11-07,0.0055462899157189,0.00496394134454148,0.00764659554089313,0.00740375417399619
2024-11-08,-0.0027198996747962,-0.00296502687030236,0.00309997024987716,0.00374979403571807
2024-11-11,-0.009855095392889,-0.0100416742775217,-0.000524294083437127,0.000968594190956296
2024-11-12,-0.00358769919722614,-0.0034055134921867,-0.0042583538425955,-0.00289685147693675
2024-11-13,-0.00111071332671148,-0.000858578926689279,-0.000117918863610456,0.000232200764141766
2024-11-14,6.47128096911284e-05,0.000618379279108616,-0.00368367363914928,-0.00606810858224449
2024-11-15,-0.00775415276974717,-0.00749438375032536,-0.00780340969045454,-0.0132914308667935
2024-11-18,0.0104807844944736,0.0105441912195578,0.00324524898236476,0.00391015974620679
2024-11-19,0.00380992697334875,0.00360032486517659,0.00322791488255731,0.00395575052059627
2024-11-20,0.00106302260198852,0.00102508793250031,-0.000584852874731467,2.19506213348097e-05
2024-11-21,0.00653315874204134,0.0065337166745139,0.00298207293644381,0.00532625184428781
2024-11-22,0.00721878215237145,0.00728889264617667,0.00233358967224078,0.00346195959153661
2024-11-25,-0.0102187995106625,-0.0104968763167181,0.00610268781752197,0.00301592782012605
2024-11-26,0.000421612356797806,6.83786512381008e-06,0.00257708069498577,0.00570569715526226
2024-11-27,-0.000971551498342621,-0.000938958682485147,-0.000678415062096249,-0.00380848108357768
2024-11-29,0.00340115875276063,0.00303643714532642,0.00503966813613594,0.0055921203968019
2024-12-02,-0.00168390064295199,-0.00168227755079489,0.00143357293022532,0.00244546388058176
2024-12-03,0.00503462667635703,0.00540877519039489,-0.000868936654811847,0.000451347242021782
2024-12-04,-0.000155422974891005,-0.000696562901473108,0.00513883713640304,0.00603318162813693
2024-12-05,-0.00403753603838582,-0.00409364801972609,-0.00116510458809067,-0.00187152583938222
2024-12-06,-0.00143355378129017,-0.0017332653866748,0.00275708575259515,0.0024923453675374
2024-12-09,0.00262983202569081,0.00301209783857805,-0.00508579966975127,-0.00616316728522648
2024-12-10,0.00270844442383694,0.00277526967177302,-0.0024979718687419,-0.00296828431427976
2024-12-11,0.00894103402013094,0.00893139769381914,0.00369618658516408,0.0081326264113688
2024-12-12,-0.00489371894925241,-0.00446903226988251,-0.00478426364679514,-0.00542873146146405
2024-12-13,-0.000904204606634016,-0.000595939172653104,-0.00189003103250762,-2.64669893716984e-05
2024-12-16,-4.13012731801791e-05,-0.000405006254214957,0.00240343813484998,0.00379215500878516
2024-12-17,-0.00259496219666875,-0.00243341478713388,-0.00232288768839375,-0.00387147948065625
2024-12-18,-0.0118222392134202,-0.0100966150095412,-0.0210656067861475,-0.0299365053045175
2024-12-19,-0.00122445097553419,-0.00131243196042758,-0.00233597700710071,-0.00086548675053777
2024-12-20,0.00582991354635973,0.00533768368820073,0.00795757289304859,0.010810479402398
2024-12-23,0.000481896103937743,0.000243253775568242,0.00258163988443094,0.00726084958561657
2024-12-24,0.00512399466730139,0.00485705890049992,0.00680624436256316,0.0109822331651266
2024-12-26,-0.000193194275118793,-0.000409815180480777,6.00449966803751e-05,-0.000405741088258083
2024-12-27,-0.00313300059972998,-0.00250497404718057,-0.007711709650874,-0.0111173049649125
2024-12-30,0.000386284650786872,0.00119341728429365,-0.00411681066194944,-0.0107596739417293
2024-12-31,0.00251526937103449,0.00284423435951888,-0.00331125588419496,-0.00429400645898248
2025-01-02,0.00725496840336716,0.00767465306052602,-0.00111963868341007,-0.00222636314944857
2025-01-03,0.00282829623564475,0.00254962300235624,0.00686128224515947,0.0125173567078249
2025-01-06,-0.00173127743282637,-0.00222353770650967,0.00292366762191527,0.00552276649681893
2025-01-07,0.000378151790519065,0.000963310259545569,-0.00852471458125521,-0.0111660215166367
2025-01-08,0.000443671585650684,0.000226282028277502,0.00163177215178827,0.00155914409383051
2025-01-10,0.00556942486418245,0.00680515467268004,-0.0122427323270735,-0.0155316376502324
2025-01-13,0.00204549545783147,0.00247295887191283,0.000243159605201626,0.00157420437805378
2025-01-14,-0.000949629554355605,-0.00130175720124797,0.000818944674117006,0.00114562333416401
2025-01-15,0.0134621101257822,0.0133123908981947,0.0150768625194722,0.0181471325045166
2025-01-16,-0.00166728484645536,-0.00191647888787561,-0.000315332230115573,-0.0021149243408658
2025-01-17,0.00114096823781419,0.00080181069592351,0.00626798450405168,0.00994147830839331
2025-01-21,0.000515357689200564,-0.000531717447328628,0.0065770809860954,0.00873000944059577
2025-01-22,0.000845211865284938,0.00038687218066924,0.00263509315586958,0.00611918108699427
2025-01-23,-0.0023614663553143,-0.00286772868305087,0.00214078733770791,0.00529941945952928
2025-01-24,0.000801415997735463,0.00083262996475506,-0.000892797713073889,-0.0028592159844667
2025-01-27,-0.00836832513106337,-0.0079080934690313,-0.00622578347819669,-0.0146880590321121
2025-01-28,0.00695937150844262,0.006773052661182,0.00554839881152773,0.00917564417771644
2025-01-29,-0.00431653440064534,-0.00429331267677098,-0.00328700477828079,-0.00468987605692028
2025-01-30,0.00477977881918934,0.00441133554808193,0.00401649730025362,0.0052615481521805
2025-01-31,0.000269177964573746,0.000569004910129589,-0.00368022232776681,-0.00505960399026684
2025-02-03,-0.000256488888436496,4.51166734282359e-05,-0.00429808675625125,-0.00763769072949572
2025-02-04,0.00189420651294966,0.00126651009757506,0.00530969577849412,0.00719890740302986
2025-02-05,-0.000364392786582838,-0.000862870794044301,0.00465596232691716,0.00390105391561413
2025-02-06,-0.00157212110445133,-0.00186432601470017,0.00171201414930842,0.00363767435526618
2025-02-07,-0.000738300422207436,-0.000240706564732296,-0.00703500026961876,-0.00950984569366042
2025-02-10,0.00935304671303604,0.0092844903358885,0.00392816096029982,0.00669011229545369
2025-02-11,0.000262376408283218,0.00037694924939391,-0.000828569126082002,0.000339525143674635
2025-02-12,-0.00620364371969272,-0.00662904034660361,-0.00440235707684522,-0.00272758318964783
2025-02-13,0.00465203684399951,0.00407412611616325,0.00920444684019053,0.0103723132142353
2025-02-14,-0.0042812045817763,-0.00422010146124663,0.00163206539087604,-7.19463955736188e-05
2025-02-18,0.00617376785388615,0.00609539061276623,-0.000683744770513073,0.00244200365555081
2025-02-19,0.00233205270013918,0.00238341016551189,0.0020703830525747,0.0023741488668243
2025-02-20,-0.00124700079889738,-0.00113916622190153,-0.00178955042711273,-0.00434360488428887
2025-02-21,-0.00838292483183733,-0.00805729907786441,-0.00797225326199325,-0.0172113966725398
2025-02-24,0.00196602512771769,0.00228955207238588,-0.00213602466185492,-0.00498149356625177
2025-02-25,-0.00765318266312969,-0.007684680747162,0.000325149556878302,-0.00469071513839658
2025-02-26,0.000543212562128111,0.000537516798648951,0.00117884999720488,0.000136015029584158
2025-02-27,-0.00251728763407616,-0.00122542598801747,-0.0100588372446918,-0.0159917426785245
2025-02-28,0.00411327902008956,0.00371005499851886,0.0116259574790146,0.0157297804206635
2025-03-03,-0.00721961751338614,-0.00723847374765301,-0.00920276913381741,-0.0177534026483102
2025-03-04,-0.00334394699825968,-0.00318170119703538,-0.00864617162289392,-0.0123102882315056
2025-03-05,-0.00489132886903263,-0.00614751308466728,0.00442280826735946,0.0110974725287356
2025-03-06,-0.00637235385938112,-0.00567473386391066,-0.0109994451058792,-0.017979677107455
2025-03-07,0.00308204958903056,0.00299960684304672,0.00279517472636357,0.00550543504545509
2025-03-10,-0.0100941563495145,-0.00905035014945934,-0.0136189486891094,-0.0273435417884293
2025-03-11,0.000405901254758632,0.000539975242433055,-0.00599139605611008,-0.00759664691853601
2025-03-12,0.00541068162547963,0.005488905045432,0.00174067989628632,0.00487496794049136
2025-03-13,-0.00124392191293334,-0.00103772400114703,-0.00678658131918226,-0.0139883668064655
2025-03-14,0.0059880307716129,0.00521454036918012,0.0112310552915236,0.0210429059531982
2025-03-17,0.00322664881565575,0.00293804942271825,0.00417588803182625,0.00639563497460571
2025-03-18,-0.00128913933286534,-0.00111035012767564,-0.00596142452171335,-0.0107106670743207
2025-03-19,0.00499369209865157,0.00465532827254007,0.00766790951531711,0.010740608172954
2025-03-20,0.00325859795202278,0.00375035800333654,-0.000723069581867364,-0.00218728351378239
2025-03-21,-0.000954379822475562,-0.000824705384051239,0.000157936930666125,0.00082431360783275
2025-03-24,0.0051823602791724,0.00472817932703755,0.00817320518478333,0.0174921171286382
2025-03-25,0.00128706496082719,0.00116063243156628,0.00162075798083876,0.0015730954906541
2025-03-26,-0.00102744047071918,-0.000367693016379888,-0.00766280559635213,-0.0112196403575986
2025-03-27,0.0014502188810497,0.00136112641329973,-0.0023265216997455,-0.00331246100713223
2025-03-28,-0.00378659669508727,-0.0031457606360668,-0.00875102416980944,-0.0199346011268524
2025-03-31,0.0112394732457144,0.0114883364083838,0.00449007081490684,0.00552324035764507
2025-04-01,0.000733545560210262,0.000622677460961274,0.00366729738406342,0.00377410455521243
2025-04-02,0.00267541971498669,0.00242568196126687,0.00364585931128829,0.00670566142948381
2025-04-03,-0.0278956948663821,-0.0272802303464483,-0.025671591801413,-0.049605911828996
2025-04-04,-0.0266515090207292,-0.0266501716469703,-0.0358454252377484,-0.0616090618982312
2025-04-07,-0.0121553872699042,-0.0121553927080098,-0.00619300496880442,-0.00233419460596274
2025-04-08,-0.0120085971610833,-0.0121730781948549,-0.0115124458520683,-0.0158250832770559
2025-04-09,0.0376979873198435,0.0380525875362376,0.0532707555579979,0.0908948798330371
2025-04-10,-0.0144853023085814,-0.0144869156485319,-0.0236340750198387,-0.0352206070241117
2025-04-11,0.00393088559610951,0.00788422644047602,0.00849750148490465,0.0179303808357769
2025-04-14,-0.000582384055912656,0.00198007286897752,0.00794342631223266,0.00791331932634343
2025-04-15,0.00453295902078095,0.0018438159034571,0.000148860586061872,-0.00172927522530131
2025-04-16,0.0103772130620398,0.00484287067297053,-0.0118669424323564,-0.0226632539649021
2025-04-17,-0.00231060122635869,0.00400504417526228,-0.00034352214068285,0.00132595862377372
2025-04-21,0.00661314941004334,-0.00416162669971403,-0.0164701317362134,-0.0238496483340196
2025-04-22,-0.00467540518800483,0.00553096872654839,0.0151812985661873,0.0248069521254504
2025-04-23,-0.00805896118395998,-0.00334913597823565,0.010338490375544,0.0165238643668797
2025-04-24,0.00702452813054583,0.00830470896514282,0.0141906056097579,0.0200566280825836
2025-04-25,-0.0020244024557116,0.00221679796817851,0.00592296725078398,0.0073460847957012
2025-04-28,0.00539144668447035,-0.00120593390803592,0.00197759451501227,0.000640501539001193
2025-04-29,-0.0022308023697064,-0.00516927333619721,0.00484992976096628,0.0057856415455575
2025-04-30,-0.00162497518701353,-0.00724181477176025,0.00151232833075667,0.00147889725193195
2025-05-01,-0.00751828372802491,0.000347038897062912,0.00202190599613843,0.00627934571645206
2025-05-02,0.00042384058803604,4.85223007737901e-05,0.00607731603109052,0.014619191109114
2025-05-05,0.010064170258902,-0.00130828060609751,-0.00455998848452026,-0.00640204702931868
2025-05-06,0.00940377386342231,0.0102751598847328,-0.00361949103762136,-0.00772298527839155
2025-05-07,-0.00323373365853191,-0.00357111814680282,0.00365594061144812,0.0043369381067091
2025-05-08,-0.00746451960325493,0.0037556204757915,0.000342521108432691,0.00578302114746698
2025-05-09,0.00236241470440325,0.00393001737854881,-0.000130117322039425,-0.000711734134876352
2025-05-12,-0.00597411936255841,0.00516384131564367,0.0166721023059004,0.0320399766770194
2025-05-13,0.0179051487335129,0.00622898195578037,0.00403444504753949,0.00722205902024697
2025-05-14,-0.0115928970919484,-0.00685227003146078,-0.00088294014346495,0.00102389124227642
2025-05-15,0.00794146873809828,0.00144718585067869,0.0050802493407808,0.00412381743875656
2025-05-16,-0.00313771626287223,0.00110603332932033,0.00431623069127767,0.00698084936809984
2025-05-19,0.00353892188366263,0.00246124954049085,0.000312524122427504,0.000875729566049088
2025-05-20,0.0057586823888669,0.00251569293588521,-0.00284406770829939,-0.003887777069572
2025-05-21,-0.00204196282388952,-0.00718627563150278,-0.0125414976274755,-0.0162667192677599
2025-05-22,-0.00194475382635712,-0.00187394286167999,0.00123314645962047,-0.000444970022421387
2025-05-23,0.00667355934489032,0.00462444855465432,-0.00288518856443432,-0.00673089959147255
2025-05-27,-0.00129437418641326,0.000455322296945137,0.0138117819680769,0.0202525808021843
2025-05-28,-0.00183929573058256,0.000334035489291829,-0.00445813785785525,-0.00558680257644539
2025-05-29,0.00291908050971738,-0.000351360257342837,0.00405980857592603,0.00400317087063229
2025-05-30,-0.00193336277960391,-0.000934856292691588,0.00113736610540478,-8.11884569955623e-05
2025-06-02,0.00872629441896279,0.0110196250633186,0.00109593446430694,0.00409365149062602
2025-06-03,-0.00148332558611807,0.0014776338145885,0.00308675726774723,0.00578353353536976
2025-06-04,0.00348172557339016,0.000307310776279835,0.0029742466712726,7.36847447182498e-05
2025-06-05,-0.00372448568195551,-0.0011158855950419,-0.00436119780354929,-0.00529135797869706
2025-06-06,-0.00460283538342536,0.00287415392707677,0.00294146630522256,0.0102281962153761
2025-06-09,0.00194048806983501,0.00284632951057082,0.00127822248348259,0.000919525186391823
2025-06-10,0.0016439151287082,0.000459645059388514,0.00396346898279099,0.00546801254164642
2025-06-11,0.00197620613583041,0.00942623594144187,1.03062980006288e-05,-0.00274766031828655
2025-06-12,0.00508270536271902,0.00324340919867003,0.00402578334167067,0.0038151330716758
2025-06-13,0.0028403695147499,0.013429531917326,-0.00829845202067716,-0.0113606685901022
2025-06-16,-0.00460040401081365,-0.00546110737014542,0.00446221261947812,0.00934882314818886
2025-06-17,0.00135143540463903,0.00994582810491025,-0.00308004278227294,-0.00838725972364429
2025-06-18,-0.00148079553464847,-0.00072298597383158,6.83058865515562e-05,-0.000309288034719302
2025-06-20,0.004390568330771,0.00144379068877365,-0.0010548032435171,-0.00218103521558888
2025-06-23,-0.0210899772634746,-0.0144185615164648,0.00712935333558278,0.00956065507125992
2025-06-24,-0.0104229410834192,-0.0104222566242996,0.0080242571009002,0.0110603286169582
2025-06-25,0.00292987701389094,0.00102103488980729,0.000165946158547925,-3.28610834898768e-06
2025-06-26,0.00382051376947651,0.00203671234601535,0.00621742379654613,0.00798813103251739
2025-06-27,-0.00514371837771497,-0.003614225231214,0.00207626022702634,0.00520539925615005
2025-06-30,0.00319874543161359,0.00270455494747006,0.00468097963624707,0.00515113750612883
2025-07-01,0.00748317308249918,0.00333800266925763,-0.00141380043610191,-0.00111915710987986
2025-07-02,0.0139220976913775,0.00592113571406516,0.00199985347799867,0.00473387430649019
2025-07-03,-0.00216186905243506,-0.00049878389631477,0.00359210005912551,0.00830437821066532
2025-07-07,0.0069300783838034,0.00200510525305608,-0.00600439013481306,-0.00789336810424501
2025-07-08,0.000666371693103159,-0.0011405274884086,-0.0010229819456864,-0.00071614325046987
2025-07-09,0.00345645435864708,0.00305936464439966,0.00569891258251829,0.00604380277678018
2025-07-10,-0.00435337196322716,-0.00278779947245695,0.00143449899497554,0.00274244107292532
2025-07-11,0.00742788050759069,0.00588638999064175,-0.00384344833160561,-0.00330297177322514
2025-07-14,-0.00596203198046066,-0.00439103687837612,0.000674160606390473,0.00140642433093596
2025-07-15,-0.00362622969323698,-0.00227024148269974,-0.00395134388763019,-0.00396414506567133
2025-07-16,0.00212347919568162,0.00126950558986714,0.00301906829567891,0.00318856852538296
2025-07-17,0.00458952205045963,0.00401249742596113,0.00308816165808281,0.00535938024001226
2025-07-18,0.000103020150099248,0.000156580024288111,0.00104893476179306,-9.04903028082771e-05
2025-07-21,0.00322024099465419,0.00181337843410958,0.0022347479524953,0.00139815700567247
2025-07-22,0.00183293590120137,0.000918170454048894,0.00152084424414092,0.000637328496667422
2025-07-23,-0.00157192963652034,-0.00213784509160773,0.0032347463630618,0.0077815321457031
2025-07-24,0.00134458204733525,0.00127334098731557,-0.000173220290853848,0.000697979996932219
2025-07-25,-0.00495099911747623,-0.00344466036335405,0.00330980011674988,0.00396645100168058
2025-07-28,0.00660035863447028,0.00666491750879201,-0.00078150151653773,0.000176842471267591
2025-07-29,0.0092498126786139,0.00847503469197033,0.000836659695623965,-0.00296383019746749
2025-07-30,-0.000752491470025867,0.000603204489445464,-0.00213984318712157,-0.00125021393851021
2025-07-31,-0.00379359253555469,-0.00242728384465405,-0.0018836127987182,-0.00370166204637457
2025-08-01,-0.0060940189980306,-0.00472064874467391,-0.0050940572181343,-0.016121387185569
2025-08-04,0.0016643684335706,0.000769765865188443,0.00932082461406409,0.0146295644914147
2025-08-05,-0.0050501213765825,-0.0038443596703214,-0.00321417917930304,-0.00486970378046259
2025-08-06,-0.00297208798043928,-0.00359061956383266,0.00406077540194296,0.00725552221985382
2025-08-07,0.000512552202344161,0.000223140860111393,-0.000771496621352341,-0.000797798171827679
2025-08-08,0.00176447623897591,0.00108612524504847,0.00374006118802868,0.00776945481638869
2025-08-11,-0.00249200569084363,-0.00117423321757251,-0.00137843446206851,-0.00250726839388449
2025-08-12,-5.25321879237775e-05,-0.00130345665623226,0.00668497782890931,0.0112815590751705
2025-08-13,0.000318196229105609,0.000106031405150908,0.00335820529692867,0.00322487338404542
2025-08-14,0.00276028657226149,0.0023726913209301,-0.00111567259384771,0.000303044878554815
2025-08-15,-0.00444694245572872,-0.00408492241721294,-0.00253802454843388,-0.00290133991636488
2025-08-18,0.000906097852584518,0.00100351651909794,-0.000438744325899165,-0.000100768257736306
2025-08-19,-0.00581820337529301,-0.00365100339332978,-0.0025174442010421,-0.00587532911220734
2025-08-20,0.00623568666639639,0.00502174823073371,-0.000874007748846139,-0.00243463063226379
2025-08-21,-5.33404911225028e-05,0.000584903349357724,-0.00358157027776507,-0.00401221972895094
2025-08-22,0.00916867555853885,0.00565935468673082,0.011263161024668,0.0150722851587783
2025-08-25,0.00208769641589289,0.00282001194307826,-0.00335974299729784,-0.00427551253964609
2025-08-26,-0.00203672536795865,-0.00225364728661246,0.00352024591850935,0.00412547371011662
2025-08-27,0.00350039755717005,0.00302340310084732,0.00218351685156932,0.00238813045330311
2025-08-28,0.00464041095958049,0.00333169043316088,0.00280655412633024,0.00315174744146596
2025-08-29,-0.00090378234746806,-0.000741536176859903,-0.00418392487603683,-0.00641874040279156
2025-09-02,0.0099376714944428,0.00906368521360763,-0.00536332835757669,-0.00694635006103184
2025-09-03,-0.00208312293710349,-0.00218899037682965,0.00443136222661202,0.00508711230294168
2025-09-04,4.33232821002712e-05,0.000217408898138505,0.00677698901079644,0.00831184710287403
2025-09-05,-0.00226835255313434,-0.00225146289268094,4.52062232756847e-05,-0.00317017266993602
2025-09-08,0.00502910230130113,0.00377236098067959,0.00250031269409838,0.00210376445088833
2025-09-09,0.00136328530336902,0.00136803830302386,0.000661915789179446,0.00268454703007315
2025-09-10,0.00640434632412154,0.00556022298312522,0.00285977271013067,0.00297902822939733
2025-09-11,-0.00325391457056779,-0.0035877719602591,0.0056873906394479,0.0084500876230944
2025-09-12,0.00110043619773289,0.000860551820448308,-0.00144289945725582,-0.000482877881427868
2025-09-15,0.00699654673572708,0.00517507298890862,0.00347675092990443,0.00469557772655982
2025-09-16,0.00422615233497862,0.00285996814085374,-0.000526263656332659,-0.00128876043333115
2025-09-17,-0.00449560182187127,-0.00337207010073675,-0.00144750949771542,-0.000970639078245128
2025-09-18,-0.000496771792852627,-0.000303752663893064,0.00154467064842798,0.0047776878367074
2025-09-19,0.000697196043885794,0.000428592508512882,0.00275855590247609,0.00487352393748175
2025-09-22,0.00508150188643574,0.00305935041558731,0.00197738781764194,0.00440035071476252
2025-09-23,0.00469065202391037,0.0044346404554239,-0.00219249176692671,-0.00551735182873969
2025-09-24,0.00112270523419144,0.00206954568038968,-0.0027868366133216,-0.00285067716529497
2025-09-25,0.00159996103494904,0.00233246389788313,-0.00388464344713029,-0.00502164874252742
2025-09-26,0.00305385960123097,0.00157870400210669,0.00332288269356518,0.00588448913041439
2025-09-29,-0.00226702268862052,-0.00246700364596153,0.00274161160632396,0.00263207725991244
2025-09-30,0.000669103359370686,-4.87697109005758e-05,0.00228358712420231,0.00408250361350859
2025-10-01,-9.85852890567167e-05,-6.74397673478213e-05,0.00338197027220524,0.00339415417122346
2025-10-02,-0.00564795345114669,-0.00450003895224969,0.000785182585837418,0.00061816362138245
2025-10-03,0.00225895401968413,0.00133073358719997,-0.000748262701448255,6.55106568672181e-05
2025-10-06,0.00968568012966042,0.00803326641764075,0.00102048121063376,0.0036399592827614
2025-10-07,0.00195364737846784,0.00282313513533623,-0.00129375243938661,-0.00381868770685223
2025-10-08,0.00725229450642813,0.00580607397287976,0.00356949098428068,0.00581074849418783
2025-10-09,-0.00850867375137219,-0.00585574186465738,-0.00194629785842579,-0.00275937398027892
2025-10-10,-0.0157628350944978,-0.0120434590541448,-0.0140073489429962,-0.0274859754398999
2025-10-13,0.0142805646570215,0.0112656636212572,0.00949333639542544,0.0154782630369343
2025-10-14,-0.00283883500698917,-0.00262352805843049,9.07110171393556e-05,-0.00156555149694348
2025-10-15,0.00528335822794601,0.00341076403196645,0.00195772702713413,0.00401791850342903
2025-10-16,0.000267593938118121,4.30745732283632e-05,-0.001938985229339,-0.00631428027514325
2025-10-17,-0.00282311901125149,-0.00235909716501936,0.00249747854263553,0.00525687394452667
2025-10-20,0.0123385048198349,0.00960303796310376,0.00690305329331515,0.0106157241361444
2025-10-21,-0.0150996134576169,-0.0108276801406848,0.000757212677132202,3.26959164169693e-05
2025-10-22,-0.000374309211733474,0.00557374170547877,-0.00312922974547512,-0.00535183477474277
2025-10-23,0.00120565388369677,0.00877050134526582,0.00217430284745888,0.00581047986201355
2025-10-24,-2.61270856433377e-05,0.000786885629815082,0.00509223914196575,0.00787136197524418
2025-10-27,-0.0097920998470683,-0.00358299429929794,0.00732908479642766,0.0122151413273794
2025-10-28,-0.0024513021877773,-0.00572906394620425,0.00174034333859012,0.00228533050223056
2025-10-29,-0.00210014802772106,0.000227554366701721,-0.00261712032604393,-4.35792047337458e-05
2025-10-30,0.00678153085939627,0.0021432351438933,-0.00655045828245626,-0.00995419142453535
2025-10-31,-0.0011387422244338,0.00244112677716934,0.00173389866454556,0.0026145009178844
2025-11-03,0.00096535147773718,0.00124407367817554,0.000840945925481762,0.00171923399691742
2025-11-04,-0.00771233176449821,-0.00725019194824981,-0.0065866873098269,-0.0118062503923273
2025-11-05,0.00389247018445173,-0.000373080033765039,0.000279237717620972,0.00364689767568827
2025-11-06,-0.00173249236915715,-0.00295647637129139,-0.0047115461822731,-0.011241134514723
2025-11-07,0.00257530621309643,0.00248241615164657,0.000922126884349339,0.00126104634749424
2025-11-10,0.0126457909294251,0.00949975611019349,0.00863198905454965,0.0152836267035017
2025-11-11,0.00239330209070096,0.0044179008540679,0.00248471508812429,0.00207319995239175
2025-11-12,0.00658577184867487,-0.00479045240279117,0.000460202282360456,0.000629319125945216
2025-11-13,-0.00686718699551736,-0.00593845616044488,-0.0111749913909737,-0.0166954516309286
2025-11-14,-0.00748940610861076,0.000543871571070209,-0.000964168350888883,-0.000501851471272019
2025-11-17,-0.00506989590985852,-0.00364580477383356,-0.00506675082952235,-0.009204497894304
2025-11-18,0.0023954905951156,0.00367158256833227,-0.00431212318193772,-0.0082907098441698
2025-11-19,0.00223515460517211,-0.00231740678541072,0.00195844402268897,0.0037468077372651
2025-11-20,-0.0015071125187282,-0.00465081405288981,-0.00846295501852587,-0.0156897261163156
2025-11-21,0.00146280935387849,-0.000274108426684805,0.0071842716077402,0.00977510304159246
2025-11-24,0.00879119508846148,0.00972863376433555,0.00982608453975935,0.0153488188990814
2025-11-25,0.00123615110608652,-0.00166116102228315,0.00643856016854833,0.00902088600083317
2025-11-26,0.00378050391513341,0.00483650395524204,0.00445758885550909,0.00688296943615008
2025-11-28,0.0050571845310036,0.00596725361346024,0.0025074524925806,0.00534048734113668
2025-12-01,-0.000314480571324917,-0.00128147868823447,-0.00535616312911564,-0.00533754874605563
2025-12-02,-0.00208991268026981,-0.00314213846041209,0.00180331022219171,0.00245422119593641
2025-12-03,-0.000401744605659156,0.00113254129180493,0.00261109325266133,0.00297536052108605
2025-12-04,8.75255020606803e-06,0.00220838819718105,-0.000591628546523282,0.00107973871197409
2025-12-05,-0.00120598333256619,0.000881717529305259,0.000332482927196764,0.00193476888467892
2025-12-08,-0.001801322729247,-0.00537231124857316,-0.00292011890177761,-0.00348331533164803
2025-12-09,0.00181903065797668,-0.000952823246329171,-0.00110814409743547,-0.000876743161013493
2025-12-10,0.00241489382109295,0.00370843508722993,0.00532390481715552,0.00672688065914073
2025-12-11,0.00388338027601349,-0.00182801885275348,0.00128782475420692,0.0020771919837177
2025-12-12,0.00028750691763936,-0.00255663155254471,-0.00751226427555558,-0.010720913458556
2025-12-15,-0.00130918572241114,-0.00280653708506646,-0.000626174919499789,-0.00159783889183629
2025-12-16,-0.0024454905100333,-0.00521898657594431,-0.000311767351974979,-0.00238676400844007
2025-12-17,0.00309575154242865,0.00516381012876153,-0.00707882786207499,-0.0116598566113701
2025-12-18,0.000648739881737927,-0.000457821339353437,0.00577649669454807,0.00790295152047804
2025-12-19,0.00333553409061125,0.00465825097911639,0.00436674172627001,0.00877940742183014
2025-12-22,0.00890009425246157,0.00974111298555451,0.00343364412913907,0.00641587057556059
2025-12-23,0.00456625402074292,0.00441904120470316,0.00255759352901279,0.00454006704678989
2025-12-24,1.63011449033293e-05,0.000123869406720978,0.00296903620964812,0.00321630434470066
2025-12-26,0.00112705934255954,-0.00236528607553037,0.000190790749740089,-0.00030440987710989
2025-12-29,-0.0110378859246473,-0.00596287475562258,-0.00151862433515326,-0.00349816292393612
2025-12-30,0.000552511334840997,0.000554329112046315,-0.00124034991874211,-0.00137661425065438
2025-12-31,-0.00525469238204485,-0.00525738796624111,-0.00575979441937839,-0.00738486743424893
